,CPIAUCSL,FEDFUNDS,Effective Rate MoM Change,CPI YoY % Change
1954-08-31 00:00:00,26.85,0.0122,0.0042,0
1954-09-30 00:00:00,26.81,0.0107,-0.0015,-0.002975084
1954-10-31 00:00:00,26.72,0.0085,-0.0022,-0.008534323
1954-11-30 00:00:00,26.78,0.0083,-0.0002,-0.002607076
1954-12-31 00:00:00,26.77,0.0128,0.0045,-0.003721623
1955-01-31 00:00:00,26.77,0.0139,0.0011,-0.006310319
1955-02-28 00:00:00,26.82,0.0129,-0.001,-0.006298629
1955-03-31 00:00:00,26.79,0.0135,0.0006,-0.005198663
1955-04-30 00:00:00,26.79,0.0143,0.0008,-0.002606106
1955-05-31 00:00:00,26.77,0.0143,0,-0.005941329
1955-06-30 00:00:00,26.71,0.0164,0.0021,-0.008537491
1955-07-31 00:00:00,26.76,0.0168,0.0004,-0.003723008
1955-08-31 00:00:00,26.72,0.0196,0.0028,-0.004841713
1955-09-30 00:00:00,26.85,0.0218,0.0022,0.001491981
1955-10-31 00:00:00,26.82,0.0224,0.0006,0.003742515
1955-11-30 00:00:00,26.88,0.0235,0.0011,0.00373413
1955-12-31 00:00:00,26.87,0.0248,0.0013,0.003735525
1956-01-31 00:00:00,26.83,0.0245,-0.0003,0.002241315
1956-02-29 00:00:00,26.86,0.025,0.0005,0.001491424
1956-03-31 00:00:00,26.89,0.025,0,0.003732736
1956-04-30 00:00:00,26.93,0.0262,0.0012,0.005225831
1956-05-31 00:00:00,27.03,0.0275,0.0013,0.009712365
1956-06-30 00:00:00,27.15,0.0271,-0.0004,0.016473231
1956-07-31 00:00:00,27.29,0.0275,0.0004,0.01980568
1956-08-31 00:00:00,27.31,0.0273,-0.0002,0.022080838
1956-09-30 00:00:00,27.35,0.0295,0.0022,0.018621974
1956-10-31 00:00:00,27.51,0.0296,1E-04,0.025727069
1956-11-30 00:00:00,27.51,0.0288,-0.0008,0.0234375
1956-12-31 00:00:00,27.63,0.0294,0.0006,0.028284332
1957-01-31 00:00:00,27.67,0.0284,-0.001,0.031308237
1957-02-28 00:00:00,27.8,0.03,0.0016,0.034996277
1957-03-31 00:00:00,27.86,0.0296,-0.0004,0.03607289
1957-04-30 00:00:00,27.93,0.03,0.0004,0.037133309
1957-05-31 00:00:00,28,0.03,0,0.035886053
1957-06-30 00:00:00,28.11,0.03,0,0.035359116
1957-07-31 00:00:00,28.19,0.0299,-1E-04,0.032979113
1957-08-31 00:00:00,28.28,0.0324,0.0025,0.035518125
1957-09-30 00:00:00,28.32,0.0347,0.0023,0.035466179
1957-10-31 00:00:00,28.32,0.035,0.0003,0.029443839
1957-11-30 00:00:00,28.41,0.0328,-0.0022,0.032715376
1957-12-31 00:00:00,28.47,0.0298,-0.003,0.030401737
1958-01-31 00:00:00,28.64,0.0272,-0.0026,0.035056017
1958-02-28 00:00:00,28.7,0.0167,-0.0105,0.032374101
1958-03-31 00:00:00,28.87,0.012,-0.0047,0.036252692
1958-04-30 00:00:00,28.94,0.0126,0.0006,0.036161833
1958-05-31 00:00:00,28.94,0.0063,-0.0063,0.033571429
1958-06-30 00:00:00,28.91,0.0093,0.003,0.028459623
1958-07-31 00:00:00,28.89,0.0068,-0.0025,0.024831501
1958-08-31 00:00:00,28.94,0.0153,0.0085,0.023338048
1958-09-30 00:00:00,28.91,0.0176,0.0023,0.020833333
1958-10-31 00:00:00,28.91,0.018,0.0004,0.020833333
1958-11-30 00:00:00,28.95,0.0227,0.0047,0.019007392
1958-12-31 00:00:00,28.97,0.0242,0.0015,0.017562346
1959-01-31 00:00:00,29.01,0.0248,0.0006,0.012918994
1959-02-28 00:00:00,29,0.0243,-0.0005,0.010452962
1959-03-31 00:00:00,28.97,0.028,0.0037,0.003463803
1959-04-30 00:00:00,28.98,0.0296,0.0016,0.00138217
1959-05-31 00:00:00,29.04,0.029,-0.0006,0.003455425
1959-06-30 00:00:00,29.11,0.0339,0.0049,0.006918021
1959-07-31 00:00:00,29.15,0.0347,0.0008,0.008999654
1959-08-31 00:00:00,29.18,0.035,0.0003,0.00829302
1959-09-30 00:00:00,29.25,0.0376,0.0026,0.011760636
1959-10-31 00:00:00,29.35,0.0398,0.0022,0.015219647
1959-11-30 00:00:00,29.35,0.04,0.0002,0.013816926
1959-12-31 00:00:00,29.41,0.0399,-1E-04,0.015188126
1960-01-31 00:00:00,29.37,0.0399,0,0.012409514
1960-02-29 00:00:00,29.41,0.0397,-0.0002,0.014137931
1960-03-31 00:00:00,29.41,0.0384,-0.0013,0.015188126
1960-04-30 00:00:00,29.54,0.0392,0.0008,0.019323671
1960-05-31 00:00:00,29.57,0.0385,-0.0007,0.018250689
1960-06-30 00:00:00,29.61,0.0332,-0.0053,0.017176228
1960-07-31 00:00:00,29.55,0.0323,-0.0009,0.013722127
1960-08-31 00:00:00,29.61,0.0298,-0.0025,0.014736121
1960-09-30 00:00:00,29.61,0.026,-0.0038,0.012307692
1960-10-31 00:00:00,29.75,0.0247,-0.0013,0.01362862
1960-11-30 00:00:00,29.78,0.0244,-0.0003,0.014650767
1960-12-31 00:00:00,29.81,0.0198,-0.0046,0.013600816
1961-01-31 00:00:00,29.84,0.0145,-0.0053,0.016002724
1961-02-28 00:00:00,29.84,0.0254,0.0109,0.014620877
1961-03-31 00:00:00,29.84,0.0202,-0.0052,0.014620877
1961-04-30 00:00:00,29.81,0.0149,-0.0053,0.009140149
1961-05-31 00:00:00,29.84,0.0198,0.0049,0.009130876
1961-06-30 00:00:00,29.84,0.0173,-0.0025,0.007767646
1961-07-31 00:00:00,29.92,0.0117,-0.0056,0.012521151
1961-08-31 00:00:00,29.94,0.02,0.0083,0.011144883
1961-09-30 00:00:00,29.98,0.0188,-0.0012,0.012495778
1961-10-31 00:00:00,29.98,0.0226,0.0038,0.007731092
1961-11-30 00:00:00,29.98,0.0261,0.0035,0.006715917
1961-12-31 00:00:00,30.01,0.0233,-0.0028,0.006709158
1962-01-31 00:00:00,30.04,0.0215,-0.0018,0.006702413
1962-02-28 00:00:00,30.11,0.0237,0.0022,0.009048257
1962-03-31 00:00:00,30.17,0.0285,0.0048,0.011058981
1962-04-30 00:00:00,30.21,0.0278,-0.0007,0.013418316
1962-05-31 00:00:00,30.24,0.0236,-0.0042,0.013404826
1962-06-30 00:00:00,30.21,0.0268,0.0032,0.012399464
1962-07-31 00:00:00,30.22,0.0271,0.0003,0.010026738
1962-08-31 00:00:00,30.28,0.0293,0.0022,0.011356045
1962-09-30 00:00:00,30.42,0.029,-0.0003,0.014676451
1962-10-31 00:00:00,30.38,0.029,0,0.013342228
1962-11-30 00:00:00,30.38,0.0294,0.0004,0.013342228
1962-12-31 00:00:00,30.38,0.0293,-1E-04,0.012329224
1963-01-31 00:00:00,30.44,0.0292,-0.0001,0.013315579
1963-02-28 00:00:00,30.48,0.03,0.0008,0.012288276
1963-03-31 00:00:00,30.51,0.0298,-0.0002,0.011269473
1963-04-30 00:00:00,30.48,0.029,-0.0008,0.008937438
1963-05-31 00:00:00,30.51,0.03,0.001,0.008928571
1963-06-30 00:00:00,30.61,0.0299,-1E-04,0.013240649
1963-07-31 00:00:00,30.69,0.0302,0.0003,0.015552614
1963-08-31 00:00:00,30.75,0.0349,0.0047,0.015521797
1963-09-30 00:00:00,30.72,0.0348,-0.0001,0.009861933
1963-10-31 00:00:00,30.75,0.035,0.0002,0.012179065
1963-11-30 00:00:00,30.78,0.0348,-0.0002,0.013166557
1963-12-31 00:00:00,30.88,0.0338,-0.001,0.016458196
1964-01-31 00:00:00,30.94,0.0348,0.001,0.016425756
1964-02-29 00:00:00,30.91,0.0348,0,0.014107612
1964-03-31 00:00:00,30.94,0.0343,-0.0005,0.01409374
1964-04-30 00:00:00,30.95,0.0347,0.0004,0.015419948
1964-05-31 00:00:00,30.98,0.035,0.0003,0.015404785
1964-06-30 00:00:00,31.01,0.035,0,0.013067625
1964-07-31 00:00:00,31.02,0.0342,-0.0008,0.010752688
1964-08-31 00:00:00,31.05,0.035,0.0008,0.009756098
1964-09-30 00:00:00,31.08,0.0345,-0.0005,0.01171875
1964-10-31 00:00:00,31.12,0.0336,-0.0009,0.01203252
1964-11-30 00:00:00,31.21,0.0352,0.0016,0.01397011
1964-12-31 00:00:00,31.25,0.0385,0.0033,0.011981865
1965-01-31 00:00:00,31.28,0.039,0.0005,0.010989011
1965-02-28 00:00:00,31.28,0.0398,0.0008,0.011970236
1965-03-31 00:00:00,31.31,0.0405,0.0007,0.01195863
1965-04-30 00:00:00,31.38,0.0409,0.0004,0.013893376
1965-05-31 00:00:00,31.48,0.041,1E-04,0.016139445
1965-06-30 00:00:00,31.61,0.0405,-0.0005,0.019348597
1965-07-31 00:00:00,31.58,0.0409,0.0004,0.018052869
1965-08-31 00:00:00,31.55,0.0412,0.0003,0.01610306
1965-09-30 00:00:00,31.62,0.0402,-0.001,0.017374517
1965-10-31 00:00:00,31.65,0.0408,0.0006,0.017030848
1965-11-30 00:00:00,31.75,0.041,0.0002,0.017302147
1965-12-31 00:00:00,31.85,0.0432,0.0022,0.0192
1966-01-31 00:00:00,31.88,0.0442,0.001,0.019181586
1966-02-28 00:00:00,32.08,0.046,0.0018,0.025575448
1966-03-31 00:00:00,32.18,0.0466,0.0006,0.02778665
1966-04-30 00:00:00,32.28,0.0467,1E-04,0.028680688
1966-05-31 00:00:00,32.35,0.049,0.0023,0.027636595
1966-06-30 00:00:00,32.38,0.0517,0.0027,0.02435938
1966-07-31 00:00:00,32.45,0.053,0.0013,0.027549082
1966-08-31 00:00:00,32.65,0.0553,0.0023,0.034865293
1966-09-30 00:00:00,32.75,0.054,-0.0013,0.035736875
1966-10-31 00:00:00,32.85,0.0553,0.0013,0.037914692
1966-11-30 00:00:00,32.88,0.0576,0.0023,0.035590551
1966-12-31 00:00:00,32.92,0.054,-0.0036,0.033594976
1967-01-31 00:00:00,32.9,0.0494,-0.0046,0.031994981
1967-02-28 00:00:00,33,0.05,0.0006,0.028678304
1967-03-31 00:00:00,33,0.0453,-0.0047,0.025481666
1967-04-30 00:00:00,33.1,0.0405,-0.0048,0.025402726
1967-05-31 00:00:00,33.1,0.0394,-0.0011,0.023183926
1967-06-30 00:00:00,33.3,0.0398,0.0004,0.0284126
1967-07-31 00:00:00,33.4,0.0379,-0.0019,0.029275809
1967-08-31 00:00:00,33.5,0.039,0.0011,0.026033691
1967-09-30 00:00:00,33.6,0.0399,0.0009,0.025954198
1967-10-31 00:00:00,33.7,0.0388,-0.0011,0.02587519
1967-11-30 00:00:00,33.9,0.0413,0.0025,0.031021898
1967-12-31 00:00:00,34,0.0451,0.0038,0.032806804
1968-01-31 00:00:00,34.1,0.0461,0.001,0.036474164
1968-02-29 00:00:00,34.2,0.0471,0.001,0.036363636
1968-03-31 00:00:00,34.3,0.0505,0.0034,0.039393939
1968-04-30 00:00:00,34.4,0.0576,0.0071,0.039274924
1968-05-31 00:00:00,34.5,0.0612,0.0036,0.042296073
1968-06-30 00:00:00,34.7,0.0607,-0.0005,0.042042042
1968-07-31 00:00:00,34.9,0.0603,-0.0004,0.04491018
1968-08-31 00:00:00,35,0.0603,0,0.044776119
1968-09-30 00:00:00,35.1,0.0578,-0.0025,0.044642857
1968-10-31 00:00:00,35.3,0.0591,0.0013,0.047477745
1968-11-30 00:00:00,35.4,0.0582,-0.0009,0.044247788
1968-12-31 00:00:00,35.6,0.0602,0.002,0.047058824
1969-01-31 00:00:00,35.7,0.063,0.0028,0.046920821
1969-02-28 00:00:00,35.8,0.0661,0.0031,0.046783626
1969-03-31 00:00:00,36.1,0.0679,0.0018,0.052478134
1969-04-30 00:00:00,36.3,0.0741,0.0062,0.055232558
1969-05-31 00:00:00,36.4,0.0867,0.0126,0.055072464
1969-06-30 00:00:00,36.6,0.089,0.0023,0.054755043
1969-07-31 00:00:00,36.8,0.0861,-0.0029,0.054441261
1969-08-31 00:00:00,36.9,0.0919,0.0058,0.054285714
1969-09-30 00:00:00,37.1,0.0915,-0.0004,0.056980057
1969-10-31 00:00:00,37.3,0.09,-0.0015,0.056657224
1969-11-30 00:00:00,37.5,0.0885,-0.0015,0.059322034
1969-12-31 00:00:00,37.7,0.0897,0.0012,0.058988764
1970-01-31 00:00:00,37.9,0.0898,0.0001,0.06162465
1970-02-28 00:00:00,38.1,0.0898,0,0.06424581
1970-03-31 00:00:00,38.3,0.0776,-0.0122,0.060941828
1970-04-30 00:00:00,38.5,0.081,0.0034,0.060606061
1970-05-31 00:00:00,38.6,0.0795,-0.0015,0.06043956
1970-06-30 00:00:00,38.8,0.0761,-0.0034,0.06010929
1970-07-31 00:00:00,38.9,0.0721,-0.004,0.057065217
1970-08-31 00:00:00,39,0.0662,-0.0059,0.056910569
1970-09-30 00:00:00,39.2,0.0629,-0.0033,0.056603774
1970-10-31 00:00:00,39.4,0.062,-0.0009,0.056300268
1970-11-30 00:00:00,39.6,0.056,-0.006,0.056
1970-12-31 00:00:00,39.8,0.049,-0.007,0.055702918
1971-01-31 00:00:00,39.9,0.0414,-0.0076,0.052770449
1971-02-28 00:00:00,39.9,0.0372,-0.0042,0.047244094
1971-03-31 00:00:00,40,0.0371,-0.0001,0.044386423
1971-04-30 00:00:00,40.1,0.0416,0.0045,0.041558442
1971-05-31 00:00:00,40.3,0.0463,0.0047,0.044041451
1971-06-30 00:00:00,40.5,0.0491,0.0028,0.043814433
1971-07-31 00:00:00,40.6,0.0531,0.004,0.043701799
1971-08-31 00:00:00,40.7,0.0557,0.0026,0.043589744
1971-09-30 00:00:00,40.8,0.0555,-0.0002,0.040816327
1971-10-31 00:00:00,40.9,0.052,-0.0035,0.038071066
1971-11-30 00:00:00,41,0.0491,-0.0029,0.035353535
1971-12-31 00:00:00,41.1,0.0414,-0.0077,0.032663317
1972-01-31 00:00:00,41.2,0.0351,-0.0063,0.032581454
1972-02-29 00:00:00,41.4,0.033,-0.0021,0.037593985
1972-03-31 00:00:00,41.4,0.0383,0.0053,0.035
1972-04-30 00:00:00,41.5,0.0417,0.0034,0.034912718
1972-05-31 00:00:00,41.6,0.0427,0.001,0.032258065
1972-06-30 00:00:00,41.7,0.0446,0.0019,0.02962963
1972-07-31 00:00:00,41.8,0.0455,0.0009,0.02955665
1972-08-31 00:00:00,41.9,0.0481,0.0026,0.029484029
1972-09-30 00:00:00,42.1,0.0487,0.0006,0.031862745
1972-10-31 00:00:00,42.2,0.0505,0.0018,0.031784841
1972-11-30 00:00:00,42.4,0.0506,0.0001,0.034146341
1972-12-31 00:00:00,42.5,0.0533,0.0027,0.03406326
1973-01-31 00:00:00,42.7,0.0594,0.0061,0.036407767
1973-02-28 00:00:00,43,0.0658,0.0064,0.038647343
1973-03-31 00:00:00,43.4,0.0709,0.0051,0.048309179
1973-04-30 00:00:00,43.7,0.0712,0.0003,0.053012048
1973-05-31 00:00:00,43.9,0.0784,0.0072,0.055288462
1973-06-30 00:00:00,44.2,0.0849,0.0065,0.059952038
1973-07-31 00:00:00,44.2,0.104,0.0191,0.057416268
1973-08-31 00:00:00,45,0.105,0.001,0.07398568
1973-09-30 00:00:00,45.2,0.1078,0.0028,0.073634204
1973-10-31 00:00:00,45.6,0.1001,-0.0077,0.08056872
1973-11-30 00:00:00,45.9,0.1003,0.0002,0.08254717
1973-12-31 00:00:00,46.3,0.0995,-0.0008,0.089411765
1974-01-31 00:00:00,46.8,0.0965,-0.003,0.096018735
1974-02-28 00:00:00,47.3,0.0897,-0.0068,0.1
1974-03-31 00:00:00,47.8,0.0935,0.0038,0.101382488
1974-04-30 00:00:00,48.1,0.1051,0.0116,0.100686499
1974-05-31 00:00:00,48.6,0.1131,0.008,0.107061503
1974-06-30 00:00:00,49,0.1193,0.0062,0.108597285
1974-07-31 00:00:00,49.3,0.1292,0.0099,0.115384615
1974-08-31 00:00:00,49.9,0.1201,-0.0091,0.108888889
1974-09-30 00:00:00,50.6,0.1134,-0.0067,0.119469027
1974-10-31 00:00:00,51,0.1006,-0.0128,0.118421053
1974-11-30 00:00:00,51.5,0.0945,-0.0061,0.122004357
1974-12-31 00:00:00,51.9,0.0853,-0.0092,0.120950324
1975-01-31 00:00:00,52.3,0.0713,-0.014,0.117521368
1975-02-28 00:00:00,52.6,0.0624,-0.0089,0.11205074
1975-03-31 00:00:00,52.8,0.0554,-0.007,0.10460251
1975-04-30 00:00:00,53,0.0549,-0.0005,0.101871102
1975-05-31 00:00:00,53.1,0.0522,-0.0027,0.092592593
1975-06-30 00:00:00,53.5,0.0555,0.0033,0.091836735
1975-07-31 00:00:00,54,0.061,0.0055,0.095334686
1975-08-31 00:00:00,54.2,0.0614,0.0004,0.086172345
1975-09-30 00:00:00,54.6,0.0624,0.001,0.079051383
1975-10-31 00:00:00,54.9,0.0582,-0.0042,0.076470588
1975-11-30 00:00:00,55.3,0.0522,-0.006,0.073786408
1975-12-31 00:00:00,55.6,0.052,-0.0002,0.071290944
1976-01-31 00:00:00,55.8,0.0487,-0.0033,0.066921606
1976-02-29 00:00:00,55.9,0.0477,-0.001,0.062737643
1976-03-31 00:00:00,56,0.0484,0.0007,0.060606061
1976-04-30 00:00:00,56.1,0.0482,-0.0002,0.058490566
1976-05-31 00:00:00,56.4,0.0529,0.0047,0.062146893
1976-06-30 00:00:00,56.7,0.0548,0.0019,0.059813084
1976-07-31 00:00:00,57,0.0531,-0.0017,0.055555556
1976-08-31 00:00:00,57.3,0.0529,-0.0002,0.057195572
1976-09-30 00:00:00,57.6,0.0525,-0.0004,0.054945055
1976-10-31 00:00:00,57.9,0.0502,-0.0023,0.054644809
1976-11-30 00:00:00,58.1,0.0495,-0.0007,0.050632911
1976-12-31 00:00:00,58.4,0.0465,-0.003,0.050359712
1977-01-31 00:00:00,58.7,0.0461,-0.0004,0.051971326
1977-02-28 00:00:00,59.3,0.0468,0.0007,0.060822898
1977-03-31 00:00:00,59.6,0.0469,0.0001,0.064285714
1977-04-30 00:00:00,60,0.0473,0.0004,0.069518717
1977-05-31 00:00:00,60.2,0.0535,0.0062,0.067375887
1977-06-30 00:00:00,60.5,0.0539,0.0004,0.0670194
1977-07-31 00:00:00,60.8,0.0542,0.0003,0.066666667
1977-08-31 00:00:00,61.1,0.059,0.0048,0.066317627
1977-09-30 00:00:00,61.3,0.0614,0.0024,0.064236111
1977-10-31 00:00:00,61.6,0.0647,0.0033,0.063903282
1977-11-30 00:00:00,62,0.0651,0.0004,0.067125645
1977-12-31 00:00:00,62.3,0.0656,0.0005,0.066780822
1978-01-31 00:00:00,62.7,0.067,0.0014,0.068143101
1978-02-28 00:00:00,63,0.0678,0.0008,0.062394604
1978-03-31 00:00:00,63.4,0.0679,0.0001,0.063758389
1978-04-30 00:00:00,63.9,0.0689,0.001,0.065
1978-05-31 00:00:00,64.5,0.0736,0.0047,0.071428571
1978-06-30 00:00:00,65,0.076,0.0024,0.074380165
1978-07-31 00:00:00,65.5,0.0781,0.0021,0.077302632
1978-08-31 00:00:00,65.9,0.0804,0.0023,0.078559738
1978-09-30 00:00:00,66.5,0.0845,0.0041,0.084828711
1978-10-31 00:00:00,67.1,0.0896,0.0051,0.089285714
1978-11-30 00:00:00,67.5,0.0976,0.008,0.088709677
1978-12-31 00:00:00,67.9,0.1003,0.0027,0.08988764
1979-01-31 00:00:00,68.5,0.1007,0.0004,0.092503987
1979-02-28 00:00:00,69.2,0.1006,-1E-04,0.098412698
1979-03-31 00:00:00,69.9,0.1009,0.0003,0.102523659
1979-04-30 00:00:00,70.6,0.1001,-0.0008,0.10485133
1979-05-31 00:00:00,71.4,0.1024,0.0023,0.106976744
1979-06-30 00:00:00,72.2,0.1029,0.0005,0.110769231
1979-07-31 00:00:00,73,0.1047,0.0018,0.114503817
1979-08-31 00:00:00,73.7,0.1094,0.0047,0.118361153
1979-09-30 00:00:00,74.4,0.1143,0.0049,0.118796992
1979-10-31 00:00:00,75.2,0.1377,0.0234,0.12071535
1979-11-30 00:00:00,76,0.1318,-0.0059,0.125925926
1979-12-31 00:00:00,76.9,0.1378,0.006,0.132547865
1980-01-31 00:00:00,78,0.1382,0.0004,0.138686131
1980-02-29 00:00:00,79,0.1413,0.0031,0.141618497
1980-03-31 00:00:00,80.1,0.1719,0.0306,0.145922747
1980-04-30 00:00:00,80.9,0.1761,0.0042,0.145892351
1980-05-31 00:00:00,81.7,0.1098,-0.0663,0.144257703
1980-06-30 00:00:00,82.5,0.0947,-0.0151,0.14265928
1980-07-31 00:00:00,82.6,0.0903,-0.0044,0.131506849
1980-08-31 00:00:00,83.2,0.0961,0.0058,0.12890095
1980-09-30 00:00:00,83.9,0.1087,0.0126,0.127688172
1980-10-31 00:00:00,84.7,0.1281,0.0194,0.126329787
1980-11-30 00:00:00,85.6,0.1585,0.0304,0.126315789
1980-12-31 00:00:00,86.4,0.189,0.0305,0.123537061
1981-01-31 00:00:00,87.2,0.1908,0.0018,0.117948718
1981-02-28 00:00:00,88,0.1593,-0.0315,0.113924051
1981-03-31 00:00:00,88.6,0.147,-0.0123,0.106117353
1981-04-30 00:00:00,89.1,0.1572,0.0102,0.101359703
1981-05-31 00:00:00,89.7,0.1852,0.028,0.097919217
1981-06-30 00:00:00,90.5,0.191,0.0058,0.096969697
1981-07-31 00:00:00,91.5,0.1904,-0.0006,0.107748184
1981-08-31 00:00:00,92.2,0.1782,-0.0122,0.108173077
1981-09-30 00:00:00,93.1,0.1587,-0.0195,0.10965435
1981-10-31 00:00:00,93.4,0.1508,-0.0079,0.102715466
1981-11-30 00:00:00,93.8,0.1331,-0.0177,0.095794393
1981-12-31 00:00:00,94.1,0.1237,-0.0094,0.08912037
1982-01-31 00:00:00,94.4,0.1322,0.0085,0.082568807
1982-02-28 00:00:00,94.7,0.1478,0.0156,0.076136364
1982-03-31 00:00:00,94.7,0.1468,-0.001,0.068848758
1982-04-30 00:00:00,95,0.1494,0.0026,0.066217733
1982-05-31 00:00:00,95.9,0.1445,-0.0049,0.069119287
1982-06-30 00:00:00,97,0.1415,-0.003,0.071823204
1982-07-31 00:00:00,97.5,0.1259,-0.0156,0.06557377
1982-08-31 00:00:00,97.7,0.1012,-0.0247,0.059652928
1982-09-30 00:00:00,97.7,0.1031,0.0019,0.049409237
1982-10-31 00:00:00,98.1,0.0971,-0.006,0.050321199
1982-11-30 00:00:00,98,0.092,-0.0051,0.044776119
1982-12-31 00:00:00,97.7,0.0895,-0.0025,0.038257173
1983-01-31 00:00:00,97.9,0.0868,-0.0027,0.037076271
1983-02-28 00:00:00,98,0.0851,-0.0017,0.034846885
1983-03-31 00:00:00,98.1,0.0877,0.0026,0.035902851
1983-04-30 00:00:00,98.8,0.088,0.0003,0.04
1983-05-31 00:00:00,99.2,0.0863,-0.0017,0.034410845
1983-06-30 00:00:00,99.4,0.0898,0.0035,0.024742268
1983-07-31 00:00:00,99.8,0.0937,0.0039,0.023589744
1983-08-31 00:00:00,100.1,0.0956,0.0019,0.024564995
1983-09-30 00:00:00,100.4,0.0945,-0.0011,0.027635619
1983-10-31 00:00:00,100.8,0.0948,0.0003,0.027522936
1983-11-30 00:00:00,101.1,0.0934,-0.0014,0.031632653
1983-12-31 00:00:00,101.4,0.0947,0.0013,0.037871034
1984-01-31 00:00:00,102.1,0.0956,0.0009,0.042900919
1984-02-29 00:00:00,102.6,0.0959,0.0003,0.046938776
1984-03-31 00:00:00,102.9,0.0991,0.0032,0.048929664
1984-04-30 00:00:00,103.3,0.1029,0.0038,0.045546559
1984-05-31 00:00:00,103.5,0.1032,0.0003,0.043346774
1984-06-30 00:00:00,103.7,0.1106,0.0074,0.043259557
1984-07-31 00:00:00,104.1,0.1123,0.0017,0.043086172
1984-08-31 00:00:00,104.4,0.1164,0.0041,0.042957043
1984-09-30 00:00:00,104.7,0.113,-0.0034,0.042828685
1984-10-31 00:00:00,105.1,0.0999,-0.0131,0.04265873
1984-11-30 00:00:00,105.3,0.0943,-0.0056,0.041543027
1984-12-31 00:00:00,105.5,0.0838,-0.0105,0.040433925
1985-01-31 00:00:00,105.7,0.0835,-0.0003,0.035259549
1985-02-28 00:00:00,106.3,0.085,0.0015,0.036062378
1985-03-31 00:00:00,106.8,0.0858,0.0008,0.037900875
1985-04-30 00:00:00,107,0.0827,-0.0031,0.035818006
1985-05-31 00:00:00,107.2,0.0797,-0.003,0.035748792
1985-06-30 00:00:00,107.5,0.0753,-0.0044,0.036644166
1985-07-31 00:00:00,107.7,0.0788,0.0035,0.034582133
1985-08-31 00:00:00,107.9,0.079,0.0002,0.033524904
1985-09-30 00:00:00,108.1,0.0792,0.0002,0.032473734
1985-10-31 00:00:00,108.5,0.0799,0.0007,0.032350143
1985-11-30 00:00:00,109,0.0805,0.0006,0.035137702
1985-12-31 00:00:00,109.5,0.0827,0.0022,0.037914692
1986-01-31 00:00:00,109.9,0.0814,-0.0013,0.039735099
1986-02-28 00:00:00,109.7,0.0786,-0.0028,0.031984948
1986-03-31 00:00:00,109.1,0.0748,-0.0038,0.021535581
1986-04-30 00:00:00,108.7,0.0699,-0.0049,0.01588785
1986-05-31 00:00:00,109,0.0685,-0.0014,0.016791045
1986-06-30 00:00:00,109.4,0.0692,0.0007,0.017674419
1986-07-31 00:00:00,109.5,0.0656,-0.0036,0.016713092
1986-08-31 00:00:00,109.6,0.0617,-0.0039,0.015755329
1986-09-30 00:00:00,110,0.0589,-0.0028,0.017576318
1986-10-31 00:00:00,110.2,0.0585,-0.0004,0.015668203
1986-11-30 00:00:00,110.4,0.0604,0.0019,0.012844037
1986-12-31 00:00:00,110.8,0.0691,0.0087,0.011872146
1987-01-31 00:00:00,111.4,0.0643,-0.0048,0.013648772
1987-02-28 00:00:00,111.8,0.061,-0.0033,0.019143118
1987-03-31 00:00:00,112.2,0.0613,0.0003,0.028414299
1987-04-30 00:00:00,112.7,0.0637,0.0024,0.036798528
1987-05-31 00:00:00,113,0.0685,0.0048,0.036697248
1987-06-30 00:00:00,113.5,0.0673,-0.0012,0.037477148
1987-07-31 00:00:00,113.8,0.0658,-0.0015,0.039269406
1987-08-31 00:00:00,114.3,0.0673,0.0015,0.042883212
1987-09-30 00:00:00,114.7,0.0722,0.0049,0.042727273
1987-10-31 00:00:00,115,0.0729,0.0007,0.043557169
1987-11-30 00:00:00,115.4,0.0669,-0.006,0.045289855
1987-12-31 00:00:00,115.6,0.0677,0.0008,0.0433213
1988-01-31 00:00:00,116,0.0683,0.0006,0.041292639
1988-02-29 00:00:00,116.2,0.0658,-0.0025,0.039355993
1988-03-31 00:00:00,116.5,0.0658,0,0.038324421
1988-04-30 00:00:00,117.2,0.0687,0.0029,0.039929015
1988-05-31 00:00:00,117.5,0.0709,0.0022,0.039823009
1988-06-30 00:00:00,118,0.0751,0.0042,0.039647577
1988-07-31 00:00:00,118.5,0.0775,0.0024,0.041300527
1988-08-31 00:00:00,119,0.0801,0.0026,0.04111986
1988-09-30 00:00:00,119.5,0.0819,0.0018,0.0418483
1988-10-31 00:00:00,119.9,0.083,0.0011,0.042608696
1988-11-30 00:00:00,120.3,0.0835,0.0005,0.042461005
1988-12-31 00:00:00,120.7,0.0876,0.0041,0.044117647
1989-01-31 00:00:00,121.2,0.0912,0.0036,0.044827586
1989-02-28 00:00:00,121.6,0.0936,0.0024,0.046471601
1989-03-31 00:00:00,122.2,0.0985,0.0049,0.048927039
1989-04-30 00:00:00,123.1,0.0984,-1E-04,0.050341297
1989-05-31 00:00:00,123.7,0.0981,-0.0003,0.052765957
1989-06-30 00:00:00,124.1,0.0953,-0.0028,0.051694915
1989-07-31 00:00:00,124.5,0.0924,-0.0029,0.050632911
1989-08-31 00:00:00,124.5,0.0899,-0.0025,0.046218487
1989-09-30 00:00:00,124.8,0.0902,0.0003,0.044351464
1989-10-31 00:00:00,125.4,0.0884,-0.0018,0.04587156
1989-11-30 00:00:00,125.9,0.0855,-0.0029,0.046550291
1989-12-31 00:00:00,126.3,0.0845,-0.001,0.046396023
1990-01-31 00:00:00,127.5,0.0823,-0.0022,0.051980198
1990-02-28 00:00:00,128,0.0824,0.0001,0.052631579
1990-03-31 00:00:00,128.6,0.0828,0.0004,0.052373159
1990-04-30 00:00:00,128.9,0.0826,-0.0002,0.047116166
1990-05-31 00:00:00,129.1,0.0818,-0.0008,0.043654002
1990-06-30 00:00:00,129.9,0.0829,0.0011,0.046736503
1990-07-31 00:00:00,130.5,0.0815,-0.0014,0.048192771
1990-08-31 00:00:00,131.6,0.0813,-0.0002,0.057028112
1990-09-30 00:00:00,132.5,0.082,0.0007,0.061698718
1990-10-31 00:00:00,133.4,0.0811,-0.0009,0.063795853
1990-11-30 00:00:00,133.7,0.0781,-0.003,0.061953932
1990-12-31 00:00:00,134.2,0.0731,-0.005,0.062549485
1991-01-31 00:00:00,134.7,0.0691,-0.004,0.056470588
1991-02-28 00:00:00,134.8,0.0625,-0.0066,0.053125
1991-03-31 00:00:00,134.8,0.0612,-0.0013,0.048211509
1991-04-30 00:00:00,135.1,0.0591,-0.0021,0.048099302
1991-05-31 00:00:00,135.6,0.0578,-0.0013,0.050348567
1991-06-30 00:00:00,136,0.059,0.0012,0.046959199
1991-07-31 00:00:00,136.2,0.0582,-0.0008,0.043678161
1991-08-31 00:00:00,136.6,0.0566,-0.0016,0.037993921
1991-09-30 00:00:00,137,0.0545,-0.0021,0.033962264
1991-10-31 00:00:00,137.2,0.0521,-0.0024,0.028485757
1991-11-30 00:00:00,137.8,0.0481,-0.004,0.030665669
1991-12-31 00:00:00,138.2,0.0443,-0.0038,0.029806259
1992-01-31 00:00:00,138.3,0.0403,-0.004,0.026726058
1992-02-29 00:00:00,138.6,0.0406,0.0003,0.028189911
1992-03-31 00:00:00,139.1,0.0398,-0.0008,0.03189911
1992-04-30 00:00:00,139.4,0.0373,-0.0025,0.031828275
1992-05-31 00:00:00,139.7,0.0382,0.0009,0.030235988
1992-06-30 00:00:00,140.1,0.0376,-0.0006,0.030147059
1992-07-31 00:00:00,140.5,0.0325,-0.0051,0.031571219
1992-08-31 00:00:00,140.8,0.033,0.0005,0.030746706
1992-09-30 00:00:00,141.1,0.0322,-0.0008,0.029927007
1992-10-31 00:00:00,141.7,0.031,-0.0012,0.032798834
1992-11-30 00:00:00,142.1,0.0309,-0.0001,0.031204644
1992-12-31 00:00:00,142.3,0.0292,-0.0017,0.029667149
1993-01-31 00:00:00,142.8,0.0302,0.001,0.032537961
1993-02-28 00:00:00,143.1,0.0303,1E-04,0.032467532
1993-03-31 00:00:00,143.3,0.0307,0.0004,0.030194105
1993-04-30 00:00:00,143.8,0.0296,-0.0011,0.031563845
1993-05-31 00:00:00,144.2,0.03,0.0004,0.032211883
1993-06-30 00:00:00,144.3,0.0304,0.0004,0.029978587
1993-07-31 00:00:00,144.5,0.0306,0.0002,0.028469751
1993-08-31 00:00:00,144.8,0.0303,-0.0003,0.028409091
1993-09-30 00:00:00,145,0.0309,0.0006,0.027639972
1993-10-31 00:00:00,145.6,0.0299,-0.001,0.027522936
1993-11-30 00:00:00,146,0.0302,0.0003,0.027445461
1993-12-31 00:00:00,146.3,0.0296,-0.0006,0.028109628
1994-01-31 00:00:00,146.3,0.0305,0.0009,0.024509804
1994-02-28 00:00:00,146.7,0.0325,0.002,0.025157233
1994-03-31 00:00:00,147.1,0.0334,0.0009,0.026517795
1994-04-30 00:00:00,147.2,0.0356,0.0022,0.02364395
1994-05-31 00:00:00,147.5,0.0401,0.0045,0.022884882
1994-06-30 00:00:00,147.9,0.0425,0.0024,0.024948025
1994-07-31 00:00:00,148.4,0.0426,1E-04,0.026989619
1994-08-31 00:00:00,149,0.0447,0.0021,0.029005525
1994-09-30 00:00:00,149.3,0.0473,0.0026,0.029655172
1994-10-31 00:00:00,149.4,0.0476,0.0003,0.026098901
1994-11-30 00:00:00,149.8,0.0529,0.0053,0.026027397
1994-12-31 00:00:00,150.1,0.0545,0.0016,0.025974026
1995-01-31 00:00:00,150.5,0.0553,0.0008,0.028708134
1995-02-28 00:00:00,150.9,0.0592,0.0039,0.028629857
1995-03-31 00:00:00,151.2,0.0598,0.0006,0.027872196
1995-04-30 00:00:00,151.8,0.0605,0.0007,0.03125
1995-05-31 00:00:00,152.1,0.0601,-0.0004,0.031186441
1995-06-30 00:00:00,152.4,0.06,-0.0001,0.030425963
1995-07-31 00:00:00,152.6,0.0585,-0.0015,0.028301887
1995-08-31 00:00:00,152.9,0.0574,-0.0011,0.026174497
1995-09-30 00:00:00,153.1,0.058,0.0006,0.02545211
1995-10-31 00:00:00,153.5,0.0576,-0.0004,0.027443106
1995-11-30 00:00:00,153.7,0.058,0.0004,0.026034713
1995-12-31 00:00:00,153.9,0.056,-0.002,0.025316456
1996-01-31 00:00:00,154.7,0.0556,-0.0004,0.027906977
1996-02-29 00:00:00,155,0.0522,-0.0034,0.027170311
1996-03-31 00:00:00,155.5,0.0531,0.0009,0.028439153
1996-04-30 00:00:00,156.1,0.0522,-0.0009,0.028326746
1996-05-31 00:00:00,156.4,0.0524,0.0002,0.028270874
1996-06-30 00:00:00,156.7,0.0527,0.0003,0.028215223
1996-07-31 00:00:00,157,0.054,0.0013,0.028833552
1996-08-31 00:00:00,157.2,0.0522,-0.0018,0.028122956
1996-09-30 00:00:00,157.7,0.053,0.0008,0.030045722
1996-10-31 00:00:00,158.2,0.0524,-0.0006,0.030618893
1996-11-30 00:00:00,158.7,0.0531,0.0007,0.032530904
1996-12-31 00:00:00,159.1,0.0529,-0.0002,0.033788174
1997-01-31 00:00:00,159.4,0.0525,-0.0004,0.030381383
1997-02-28 00:00:00,159.7,0.0519,-0.0006,0.030322581
1997-03-31 00:00:00,159.8,0.0539,0.002,0.027652733
1997-04-30 00:00:00,159.9,0.0551,0.0012,0.02434337
1997-05-31 00:00:00,159.9,0.055,-1E-04,0.022378517
1997-06-30 00:00:00,160.2,0.0556,0.0006,0.022335673
1997-07-31 00:00:00,160.4,0.0552,-0.0004,0.021656051
1997-08-31 00:00:00,160.8,0.0554,0.0002,0.022900763
1997-09-30 00:00:00,161.2,0.0554,0,0.022194039
1997-10-31 00:00:00,161.5,0.055,-0.0004,0.020859671
1997-11-30 00:00:00,161.7,0.0552,0.0002,0.018903592
1997-12-31 00:00:00,161.8,0.055,-0.0002,0.016970459
1998-01-31 00:00:00,162,0.0556,0.0006,0.016311167
1998-02-28 00:00:00,162,0.0551,-0.0005,0.014402004
1998-03-31 00:00:00,162,0.0549,-0.0002,0.013767209
1998-04-30 00:00:00,162.2,0.0545,-0.0004,0.01438399
1998-05-31 00:00:00,162.6,0.0549,0.0004,0.016885553
1998-06-30 00:00:00,162.8,0.0556,0.0007,0.016229713
1998-07-31 00:00:00,163.2,0.0554,-0.0002,0.017456359
1998-08-31 00:00:00,163.4,0.0555,0.0001,0.016169154
1998-09-30 00:00:00,163.5,0.0551,-0.0004,0.01426799
1998-10-31 00:00:00,163.9,0.0507,-0.0044,0.014860681
1998-11-30 00:00:00,164.1,0.0483,-0.0024,0.014842301
1998-12-31 00:00:00,164.4,0.0468,-0.0015,0.016069221
1999-01-31 00:00:00,164.7,0.0463,-0.0005,0.016666667
1999-02-28 00:00:00,164.7,0.0476,0.0013,0.016666667
1999-03-31 00:00:00,164.8,0.0481,0.0005,0.017283951
1999-04-30 00:00:00,165.9,0.0474,-0.0007,0.022811344
1999-05-31 00:00:00,166,0.0474,0,0.020910209
1999-06-30 00:00:00,166,0.0476,0.0002,0.01965602
1999-07-31 00:00:00,166.7,0.0499,0.0023,0.021446078
1999-08-31 00:00:00,167.1,0.0507,0.0008,0.022643819
1999-09-30 00:00:00,167.8,0.0522,0.0015,0.026299694
1999-10-31 00:00:00,168.1,0.052,-0.0002,0.025625381
1999-11-30 00:00:00,168.4,0.0542,0.0022,0.026203534
1999-12-31 00:00:00,168.8,0.053,-0.0012,0.02676399
2000-01-31 00:00:00,169.3,0.0545,0.0015,0.027929569
2000-02-29 00:00:00,170,0.0573,0.0028,0.032179721
2000-03-31 00:00:00,171,0.0585,0.0012,0.037621359
2000-04-30 00:00:00,170.9,0.0602,0.0017,0.030138638
2000-05-31 00:00:00,171.2,0.0627,0.0025,0.031325301
2000-06-30 00:00:00,172.2,0.0653,0.0026,0.037349398
2000-07-31 00:00:00,172.7,0.0654,0.0001,0.035992801
2000-08-31 00:00:00,172.7,0.065,-0.0004,0.033512867
2000-09-30 00:00:00,173.6,0.0652,0.0002,0.034564958
2000-10-31 00:00:00,173.9,0.0651,-0.0001,0.034503272
2000-11-30 00:00:00,174.2,0.0651,0,0.034441805
2000-12-31 00:00:00,174.6,0.064,-0.0011,0.03436019
2001-01-31 00:00:00,175.6,0.0598,-0.0042,0.03721205
2001-02-28 00:00:00,176,0.0549,-0.0049,0.035294118
2001-03-31 00:00:00,176.1,0.0531,-0.0018,0.029824561
2001-04-30 00:00:00,176.4,0.048,-0.0051,0.032182563
2001-05-31 00:00:00,177.3,0.0421,-0.0059,0.035630841
2001-06-30 00:00:00,177.7,0.0397,-0.0024,0.031939605
2001-07-31 00:00:00,177.4,0.0377,-0.002,0.027214823
2001-08-31 00:00:00,177.4,0.0365,-0.0012,0.027214823
2001-09-30 00:00:00,178.1,0.0307,-0.0058,0.025921659
2001-10-31 00:00:00,177.6,0.0249,-0.0058,0.021276596
2001-11-30 00:00:00,177.5,0.0209,-0.004,0.018943743
2001-12-31 00:00:00,177.4,0.0182,-0.0027,0.016036655
2002-01-31 00:00:00,177.7,0.0173,-0.0009,0.011958998
2002-02-28 00:00:00,178,0.0174,1E-04,0.011363636
2002-03-31 00:00:00,178.5,0.0173,-1E-04,0.01362862
2002-04-30 00:00:00,179.3,0.0175,0.0002,0.016439909
2002-05-31 00:00:00,179.5,0.0175,0,0.012408347
2002-06-30 00:00:00,179.6,0.0175,0,0.010692178
2002-07-31 00:00:00,180,0.0173,-0.0002,0.014656144
2002-08-31 00:00:00,180.5,0.0174,1E-04,0.017474634
2002-09-30 00:00:00,180.8,0.0175,0.0001,0.015160022
2002-10-31 00:00:00,181.2,0.0175,0,0.02027027
2002-11-30 00:00:00,181.5,0.0134,-0.0041,0.022535211
2002-12-31 00:00:00,181.8,0.0124,-0.001,0.024802706
2003-01-31 00:00:00,182.6,0.0124,0,0.027574564
2003-02-28 00:00:00,183.6,0.0126,0.0002,0.031460674
2003-03-31 00:00:00,183.9,0.0125,-1E-04,0.030252101
2003-04-30 00:00:00,183.2,0.0126,1E-04,0.021751255
2003-05-31 00:00:00,182.9,0.0126,0,0.018941504
2003-06-30 00:00:00,183.1,0.0122,-0.0004,0.019487751
2003-07-31 00:00:00,183.7,0.0101,-0.0021,0.020555556
2003-08-31 00:00:00,184.5,0.0103,0.0002,0.022160665
2003-09-30 00:00:00,185.1,0.0101,-0.0002,0.023783186
2003-10-31 00:00:00,184.9,0.0101,0,0.020419426
2003-11-30 00:00:00,185,0.01,-1E-04,0.019283747
2003-12-31 00:00:00,185.5,0.0098,-0.0002,0.020352035
2004-01-31 00:00:00,186.3,0.01,0.0002,0.02026287
2004-02-29 00:00:00,186.7,0.0101,1E-04,0.016884532
2004-03-31 00:00:00,187.1,0.01,-1E-04,0.017400761
2004-04-30 00:00:00,187.4,0.01,0,0.022925764
2004-05-31 00:00:00,188.2,0.01,0,0.028977583
2004-06-30 00:00:00,188.9,0.0103,0.0003,0.031676679
2004-07-31 00:00:00,189.1,0.0126,0.0023,0.029395754
2004-08-31 00:00:00,189.2,0.0143,0.0017,0.025474255
2004-09-30 00:00:00,189.8,0.0161,0.0018,0.02539168
2004-10-31 00:00:00,190.8,0.0176,0.0015,0.03190914
2004-11-30 00:00:00,191.7,0.0193,0.0017,0.036216216
2004-12-31 00:00:00,191.7,0.0216,0.0023,0.033423181
2005-01-31 00:00:00,191.6,0.0228,0.0012,0.028448739
2005-02-28 00:00:00,192.4,0.025,0.0022,0.030530262
2005-03-31 00:00:00,193.1,0.0263,0.0013,0.032068413
2005-04-30 00:00:00,193.7,0.0279,0.0016,0.03361793
2005-05-31 00:00:00,193.6,0.03,0.0021,0.02869288
2005-06-30 00:00:00,193.7,0.0304,0.0004,0.02541027
2005-07-31 00:00:00,194.9,0.0326,0.0022,0.030671602
2005-08-31 00:00:00,196.1,0.035,0.0024,0.036469345
2005-09-30 00:00:00,198.8,0.0362,0.0012,0.047418335
2005-10-31 00:00:00,199.1,0.0378,0.0016,0.043501048
2005-11-30 00:00:00,198.1,0.04,0.0022,0.033385498
2005-12-31 00:00:00,198.1,0.0416,0.0016,0.033385498
2006-01-31 00:00:00,199.3,0.0429,0.0013,0.040187891
2006-02-28 00:00:00,199.4,0.0449,0.002,0.036382536
2006-03-31 00:00:00,199.7,0.0459,0.001,0.034179182
2006-04-30 00:00:00,200.7,0.0479,0.002,0.036138358
2006-05-31 00:00:00,201.3,0.0494,0.0015,0.039772727
2006-06-30 00:00:00,201.8,0.0499,0.0005,0.041817243
2006-07-31 00:00:00,202.9,0.0524,0.0025,0.041046691
2006-08-31 00:00:00,203.8,0.0525,1E-04,0.039265681
2006-09-30 00:00:00,202.8,0.0525,0,0.020120724
2006-10-31 00:00:00,201.9,0.0525,0,0.014063285
2006-11-30 00:00:00,202,0.0525,0,0.019687027
2006-12-31 00:00:00,203.1,0.0524,-1E-04,0.025239778
2007-01-31 00:00:00,203.437,0.0525,1E-04,0.020757652
2007-02-28 00:00:00,204.226,0.0526,0.0001,0.024202608
2007-03-31 00:00:00,205.288,0.0526,0,0.027981973
2007-04-30 00:00:00,205.904,0.0525,-0.0001,0.025929248
2007-05-31 00:00:00,206.755,0.0525,0,0.027098857
2007-06-30 00:00:00,207.234,0.0525,0,0.026927651
2007-07-31 00:00:00,207.603,0.0526,0.0001,0.023178906
2007-08-31 00:00:00,207.667,0.0502,-0.0024,0.018974485
2007-09-30 00:00:00,208.547,0.0494,-0.0008,0.028338264
2007-10-31 00:00:00,209.19,0.0476,-0.0018,0.036106984
2007-11-30 00:00:00,210.834,0.0449,-0.0027,0.043732673
2007-12-31 00:00:00,211.445,0.0424,-0.0025,0.041088134
2008-01-31 00:00:00,212.174,0.0394,-0.003,0.042946957
2008-02-29 00:00:00,212.687,0.0298,-0.0096,0.041429593
2008-03-31 00:00:00,213.448,0.0261,-0.0037,0.039749036
2008-04-30 00:00:00,213.942,0.0228,-0.0033,0.03903761
2008-05-31 00:00:00,215.208,0.0198,-0.003,0.040884138
2008-06-30 00:00:00,217.463,0.02,0.0002,0.049359661
2008-07-31 00:00:00,219.016,0.0201,1E-04,0.054975121
2008-08-31 00:00:00,218.69,0.02,-1E-04,0.053080172
2008-09-30 00:00:00,218.877,0.0181,-0.0019,0.049533199
2008-10-31 00:00:00,216.995,0.0097,-0.0084,0.037310579
2008-11-30 00:00:00,213.153,0.0039,-0.0058,0.010999175
2008-12-31 00:00:00,211.398,0.0016,-0.0023,-0.00022228
2009-01-31 00:00:00,211.933,0.0015,-0.0001,-0.00113586
2009-02-28 00:00:00,212.705,0.0022,0.0007,8.46314E-05
2009-03-31 00:00:00,212.495,0.0018,-0.0004,-0.004464788
2009-04-30 00:00:00,212.709,0.0015,-0.0003,-0.005763244
2009-05-31 00:00:00,213.022,0.0018,0.0003,-0.010157615
2009-06-30 00:00:00,214.79,0.0021,0.0003,-0.012291746
2009-07-31 00:00:00,214.726,0.0016,-0.0005,-0.01958761
2009-08-31 00:00:00,215.445,0.0016,0,-0.014838356
2009-09-30 00:00:00,215.861,0.0015,-0.0001,-0.013779429
2009-10-31 00:00:00,216.509,0.0012,-0.0003,-0.002239683
2009-11-30 00:00:00,217.234,0.0012,0,0.019145872
2009-12-31 00:00:00,217.347,0.0012,0,0.028141231
2010-01-31 00:00:00,217.488,0.0011,-1E-04,0.026211114
2010-02-28 00:00:00,217.281,0.0013,0.0002,0.021513364
2010-03-31 00:00:00,217.353,0.0016,0.0003,0.022861714
2010-04-30 00:00:00,217.403,0.002,0.0004,0.022067708
2010-05-31 00:00:00,217.29,0.002,0,0.020035489
2010-06-30 00:00:00,217.199,0.0018,-0.0002,0.011215606
2010-07-31 00:00:00,217.605,0.0018,0,0.013407785
2010-08-31 00:00:00,217.923,0.0019,0.0001,0.011501775
2010-09-30 00:00:00,218.275,0.0019,0,0.011183122
2010-10-31 00:00:00,219.035,0.0019,0,0.011666951
2010-11-30 00:00:00,219.59,0.0019,0,0.010845448
2010-12-31 00:00:00,220.472,0.0018,-0.0001,0.01437793
2011-01-31 00:00:00,221.187,0.0017,-1E-04,0.017007835
2011-02-28 00:00:00,221.898,0.0016,-0.0001,0.021248982
2011-03-31 00:00:00,223.046,0.0014,-0.0002,0.026192415
2011-04-30 00:00:00,224.093,0.001,-0.0004,0.030772344
2011-05-31 00:00:00,224.806,0.0009,-0.0001,0.034589719
2011-06-30 00:00:00,224.806,0.0009,0,0.035023182
2011-07-31 00:00:00,225.395,0.0007,-0.0002,0.03579881
2011-08-31 00:00:00,226.106,0.001,0.0003,0.03754996
2011-09-30 00:00:00,226.597,0.0008,-0.0002,0.038126217
2011-10-31 00:00:00,226.75,0.0007,-1E-04,0.035222681
2011-11-30 00:00:00,227.169,0.0008,1E-04,0.034514322
2011-12-31 00:00:00,227.223,0.0007,-1E-04,0.030620668
2012-01-31 00:00:00,227.842,0.0008,1E-04,0.030087663
2012-02-29 00:00:00,228.329,0.001,0.0002,0.028981784
2012-03-31 00:00:00,228.807,0.0013,0.0003,0.025828753
2012-04-30 00:00:00,229.187,0.0014,0.0001,0.022731634
2012-05-31 00:00:00,228.713,0.0016,0.0002,0.017379429
2012-06-30 00:00:00,228.524,0.0016,0,0.016538704
2012-07-31 00:00:00,228.59,0.0016,0,0.014175115
2012-08-31 00:00:00,229.918,0.0013,-0.0003,0.016859349
2012-09-30 00:00:00,231.015,0.0014,0.0001,0.019497169
2012-10-31 00:00:00,231.638,0.0016,0.0002,0.021556781
2012-11-30 00:00:00,231.249,0.0016,0,0.017960197
2012-12-31 00:00:00,231.221,0.0016,0,0.01759505
2013-01-31 00:00:00,231.679,0.0014,-0.0002,0.016840618
2013-02-28 00:00:00,232.937,0.0015,1E-04,0.020181405
2013-03-31 00:00:00,232.282,0.0014,-1E-04,0.015187472
2013-04-30 00:00:00,231.797,0.0015,1E-04,0.01138808
2013-05-31 00:00:00,231.893,0.0011,-0.0004,0.013903888
2013-06-30 00:00:00,232.445,0.0009,-0.0002,0.017157935
2013-07-31 00:00:00,232.9,0.0009,0,0.018854718
2013-08-31 00:00:00,233.456,0.0008,-1E-04,0.015388095
2013-09-30 00:00:00,233.544,0.0008,0,0.010947341
2013-10-31 00:00:00,233.669,0.0009,1E-04,0.008767991
2013-11-30 00:00:00,234.1,0.0008,-1E-04,0.012328702
2013-12-31 00:00:00,234.719,0.0009,1E-04,0.015128384
2014-01-31 00:00:00,235.288,0.0007,-0.0002,0.015577588
2014-02-28 00:00:00,235.547,0.0007,0,0.011204746
2014-03-31 00:00:00,236.028,0.0008,1E-04,0.016126949
2014-04-30 00:00:00,236.468,0.0009,1E-04,0.020151253
2014-05-31 00:00:00,236.918,0.0009,0,0.021669477
2014-06-30 00:00:00,237.231,0.001,0.0001,0.020589817
2014-07-31 00:00:00,237.498,0.0009,-0.0001,0.019742379
2014-08-31 00:00:00,237.46,0.0009,0,0.017150983
2014-09-30 00:00:00,237.477,0.0009,0,0.01684051
2014-10-31 00:00:00,237.43,0.0009,0,0.016095417
2014-11-30 00:00:00,236.983,0.0009,0,0.01231525
2014-12-31 00:00:00,236.252,0.0012,0.0003,0.006531214
2015-01-31 00:00:00,234.747,0.0011,-1E-04,-0.00229931
2015-02-28 00:00:00,235.342,0.0011,0,-0.000870315
2015-03-31 00:00:00,235.976,0.0011,0,-0.000220313
2015-04-30 00:00:00,236.222,0.0012,1E-04,-0.00104031
2015-05-31 00:00:00,237.001,0.0012,0,0.000350332
2015-06-30 00:00:00,237.657,0.0013,0.0001,0.001795718
2015-07-31 00:00:00,238.034,0.0013,0,0.002256861
2015-08-31 00:00:00,238.033,0.0014,0.0001,0.002413038
2015-09-30 00:00:00,237.498,0.0014,0,8.84296E-05
2015-10-31 00:00:00,237.733,0.0012,-0.0002,0.001276166
2015-11-30 00:00:00,238.017,0.0012,0,0.004363182
2015-12-31 00:00:00,237.761,0.0024,0.0012,0.006387248
2016-01-31 00:00:00,237.652,0.0034,0.001,0.012375025
2016-02-29 00:00:00,237.336,0.0038,0.0004,0.008472776
2016-03-31 00:00:00,238.08,0.0036,-0.0002,0.008916161
2016-04-30 00:00:00,238.992,0.0037,0.0001,0.011726258
2016-05-31 00:00:00,239.557,0.0037,0,0.010784765
2016-06-30 00:00:00,240.222,0.0038,1E-04,0.010792865
2016-07-31 00:00:00,240.101,0.0039,0.0001,0.008683633
2016-08-31 00:00:00,240.545,0.004,1E-04,0.010553159
2016-09-30 00:00:00,241.176,0.004,0,0.015486446
2016-10-31 00:00:00,241.741,0.004,0,0.01685925
2016-11-30 00:00:00,242.026,0.0041,1E-04,0.016843335
2016-12-31 00:00:00,242.637,0.0054,0.0013,0.020507989
2017-01-31 00:00:00,243.618,0.0065,0.0011,0.025103933
2017-02-28 00:00:00,244.006,0.0066,1E-04,0.028103617
2017-03-31 00:00:00,243.892,0.0079,0.0013,0.024411962
2017-04-30 00:00:00,244.193,0.009,0.0011,0.021762235
2017-05-31 00:00:00,244.004,0.0091,1E-04,0.018563432
2017-06-30 00:00:00,244.163,0.0104,0.0013,0.016405658
2017-07-31 00:00:00,244.243,0.0115,0.0011,0.017251074
2017-08-31 00:00:00,245.183,0.0116,1E-04,0.019281216
2017-09-30 00:00:00,246.435,0.0115,-1E-04,0.021805652
2017-10-31 00:00:00,246.626,0.0115,0,0.020207578
2017-11-30 00:00:00,247.284,0.0116,1E-04,0.021724939
2017-12-31 00:00:00,247.805,0.013,0.0014,0.021299307
2018-01-31 00:00:00,248.743,0.0141,0.0011,0.021037033
2018-02-28 00:00:00,249.439,0.0142,1E-04,0.022265846
2018-03-31 00:00:00,249.581,0.0151,0.0009,0.023325898
2018-04-30 00:00:00,250.146,0.0169,0.0018,0.024378258
2018-05-31 00:00:00,250.779,0.017,0.0001,0.027765938
2018-06-30 00:00:00,251.118,0.0182,0.0012,0.028485069
2018-07-31 00:00:00,251.323,0.0191,0.0009,0.028987525
2018-08-31 00:00:00,251.749,0.0191,0,0.026779997
2018-09-30 00:00:00,252.239,0.0195,0.0004,0.023551849
2018-10-31 00:00:00,252.862,0.0219,0.0024,0.02528525
2018-11-30 00:00:00,252.657,0.022,0.0001,0.021728054
2018-12-31 00:00:00,252.551,0.0227,0.0007,0.019152156
2019-01-31 00:00:00,252.47,0.024,0.0013,0.014983336
2019-02-28 00:00:00,253.135,0.024,0,0.01481725
2019-03-31 00:00:00,254.273,0.0241,1E-04,0.018799508
2019-04-30 00:00:00,255.163,0.0242,1E-04,0.020056287
2019-05-31 00:00:00,255.325,0.0239,-0.0003,0.018127515
2019-06-30 00:00:00,255.361,0.0238,-0.0001,0.016896439
2019-07-31 00:00:00,255.9,0.024,0.0002,0.018211624
2019-08-31 00:00:00,256.179,0.0213,-0.0027,0.017596892
2019-09-30 00:00:00,256.596,0.0204,-0.0009,0.0172733
2019-10-31 00:00:00,257.305,0.0183,-0.0021,0.017570849
2019-11-30 00:00:00,257.788,0.0155,-0.0028,0.020308165
2019-12-31 00:00:00,258.263,0.0155,0,0.022617214
2020-01-31 00:00:00,258.682,0.0155,0,0.024604904
2020-02-29 00:00:00,259.007,0.0158,0.0003,0.023197108
2020-03-31 00:00:00,258.165,0.0065,-0.0093,0.015306383
2020-04-30 00:00:00,256.094,0.0005,-0.006,0.003648648
2020-05-31 00:00:00,255.944,0.0005,0,0.002424361
2020-06-30 00:00:00,257.217,0.0008,0.0003,0.007268142
2020-07-31 00:00:00,258.543,0.0009,1E-04,0.010328253
2020-08-31 00:00:00,259.58,0.001,0.0001,0.013275874
2020-09-30 00:00:00,260.19,0.0009,-0.0001,0.014006454
2020-10-31 00:00:00,260.352,0.0009,0,0.011841977
2020-11-30 00:00:00,260.721,0.0009,0,0.011377566
2020-12-31 00:00:00,261.564,0.0009,0,0.012781544
2021-01-31 00:00:00,262.2,0.0009,0,0.013599709
2021-02-28 00:00:00,263.346,0.0008,-1E-04,0.016752443
2021-03-31 00:00:00,265.028,0.0007,-1E-04,0.026583774
2021-04-30 00:00:00,266.727,0.0007,0,0.041519911
2021-05-31 00:00:00,268.599,0.0006,-0.0001,0.04944441
2021-06-30 00:00:00,270.955,0.0008,0.0002,0.053410156
2021-07-31 00:00:00,272.184,0.001,0.0002,0.052761049
2021-08-31 00:00:00,273.092,0.0009,-0.0001,0.052053317
2021-09-30 00:00:00,274.214,0.0008,-1E-04,0.053899074
2021-10-31 00:00:00,276.59,0.0008,0,0.062369408
2021-11-30 00:00:00,278.524,0.0008,0,0.068283721
2021-12-31 00:00:00,280.126,0.0008,0,0.070965423
2022-01-31 00:00:00,281.933,0.0008,0,0.075259344
2022-02-28 00:00:00,284.182,0.0008,0,0.079120245
2022-03-31 00:00:00,287.708,0.002,0.0012,0.085575864
2022-04-30 00:00:00,288.663,0.0033,0.0013,0.082241393
2022-05-31 00:00:00,291.474,0.0077,0.0044,0.085164129
2022-06-30 00:00:00,295.328,0.0121,0.0044,0.089952206
2022-07-31 00:00:00,295.271,0.0168,0.0047,0.084821297
2022-08-31 00:00:00,295.62,0.0233,0.0065,0.082492347
2022-09-30 00:00:00,296.761,0.0256,0.0023,0.082224102
