time,close
1914-12-01T00:00:00Z,1
1915-01-01T00:00:00Z,1
1915-02-01T00:00:00Z,1
1915-03-01T00:00:00Z,0
1915-04-01T00:00:00Z,2
1915-05-01T00:00:00Z,2
1915-06-01T00:00:00Z,2
1915-07-01T00:00:00Z,1
1915-08-01T00:00:00Z,-1
1915-09-01T00:00:00Z,-1
1915-10-01T00:00:00Z,1
1915-11-01T00:00:00Z,1
1915-12-01T00:00:00Z,2
1916-01-01T00:00:00Z,3
1916-02-01T00:00:00Z,4
1916-03-01T00:00:00Z,6.1
1916-04-01T00:00:00Z,6
1916-05-01T00:00:00Z,5.9
1916-06-01T00:00:00Z,6.9
1916-07-01T00:00:00Z,6.9
1916-08-01T00:00:00Z,7.9
1916-09-01T00:00:00Z,9.9
1916-10-01T00:00:00Z,10.8
1916-11-01T00:00:00Z,11.7
1916-12-01T00:00:00Z,12.6
1917-01-01T00:00:00Z,12.5
1917-02-01T00:00:00Z,15.4
1917-03-01T00:00:00Z,14.3
1917-04-01T00:00:00Z,18.9
1917-05-01T00:00:00Z,19.6
1917-06-01T00:00:00Z,20.4
1917-07-01T00:00:00Z,18.5
1917-08-01T00:00:00Z,19.3
1917-09-01T00:00:00Z,19.8
1917-10-01T00:00:00Z,19.5
1917-11-01T00:00:00Z,17.4
1917-12-01T00:00:00Z,18.1
1918-01-01T00:00:00Z,19.7
1918-02-01T00:00:00Z,17.5
1918-03-01T00:00:00Z,16.7
1918-04-01T00:00:00Z,12.7
1918-05-01T01:00:00+01:00,13.3
1918-06-01T01:00:00+01:00,13.1
1918-07-01T01:00:00+01:00,18
1918-08-01T01:00:00+01:00,18.5
1918-09-01T01:00:00+01:00,18
1918-10-01T01:00:00+01:00,18.5
1918-11-01T00:00:00Z,20.7
1918-12-01T00:00:00Z,20.4
1919-01-01T00:00:00Z,17.9
1919-02-01T00:00:00Z,14.9
1919-03-01T00:00:00Z,17.1
1919-04-01T00:00:00Z,17.6
1919-05-01T01:00:00+01:00,16.6
1919-06-01T01:00:00+01:00,15
1919-07-01T01:00:00+01:00,15.2
1919-08-01T01:00:00+01:00,14.9
1919-09-01T01:00:00+01:00,13.4
1919-10-01T01:00:00+01:00,13.1
1919-11-01T00:00:00Z,13.5
1919-12-01T00:00:00Z,14.5
1920-01-01T00:00:00Z,17
1920-02-01T00:00:00Z,20.4
1920-03-01T00:00:00Z,20.1
1920-04-01T00:00:00Z,21.6
1920-05-01T00:00:00Z,21.9
1920-06-01T00:00:00Z,23.7
1920-07-01T00:00:00Z,19.5
1920-08-01T00:00:00Z,14.7
1920-09-01T00:00:00Z,12.4
1920-10-01T00:00:00Z,9.9
1920-11-01T00:00:00Z,7
1920-12-01T00:00:00Z,2.6
1921-01-01T00:00:00Z,-1.6
1921-02-01T00:00:00Z,-5.6
1921-03-01T00:00:00Z,-7.1
1921-04-01T00:00:00Z,-10.8
1921-05-01T00:00:00Z,-14.1
1921-06-01T00:00:00Z,-15.8
1921-07-01T00:00:00Z,-14.9
1921-08-01T00:00:00Z,-12.8
1921-09-01T00:00:00Z,-12.5
1921-10-01T00:00:00Z,-12.1
1921-11-01T00:00:00Z,-12.1
1921-12-01T00:00:00Z,-10.8
1922-01-01T00:00:00Z,-11.1
1922-02-01T00:00:00Z,-8.2
1922-03-01T00:00:00Z,-8.7
1922-04-01T00:00:00Z,-7.7
1922-05-01T00:00:00Z,-5.6
1922-06-01T00:00:00Z,-5.1
1922-07-01T00:00:00Z,-5.1
1922-08-01T00:00:00Z,-6.2
1922-09-01T00:00:00Z,-5.1
1922-10-01T00:00:00Z,-4.6
1922-11-01T00:00:00Z,-3.4
1922-12-01T00:00:00Z,-2.3
1923-01-01T00:00:00Z,-0.6
1923-02-01T00:00:00Z,-0.6
1923-03-01T00:00:00Z,0.6
1923-04-01T00:00:00Z,1.2
1923-05-01T00:00:00Z,1.2
1923-06-01T00:00:00Z,1.8
1923-07-01T00:00:00Z,2.4
1923-08-01T00:00:00Z,3
1923-09-01T00:00:00Z,3.6
1923-10-01T00:00:00Z,3.6
1923-11-01T00:00:00Z,3
1923-12-01T00:00:00Z,2.4
1924-01-01T00:00:00Z,3
1924-02-01T00:00:00Z,2.4
1924-03-01T00:00:00Z,1.8
1924-04-01T00:00:00Z,0.6
1924-05-01T01:00:00+01:00,0.6
1924-06-01T01:00:00+01:00,0
1924-07-01T01:00:00+01:00,-0.6
1924-08-01T01:00:00+01:00,-0.6
1924-09-01T01:00:00+01:00,-0.6
1924-10-01T01:00:00+01:00,-0.6
1924-11-01T00:00:00Z,-0.6
1924-12-01T00:00:00Z,0
1925-01-01T00:00:00Z,0
1925-02-01T00:00:00Z,0
1925-03-01T00:00:00Z,1.2
1925-04-01T00:00:00Z,1.2
1925-05-01T00:00:00Z,1.8
1925-06-01T00:00:00Z,2.9
1925-07-01T00:00:00Z,3.5
1925-08-01T00:00:00Z,4.1
1925-09-01T00:00:00Z,3.5
1925-10-01T00:00:00Z,2.9
1925-11-01T00:00:00Z,4.7
1925-12-01T00:00:00Z,3.5
1926-01-01T00:00:00Z,3.5
1926-02-01T00:00:00Z,4.1
1926-03-01T00:00:00Z,2.9
1926-04-01T00:00:00Z,4.1
1926-05-01T01:00:00+01:00,2.9
1926-06-01T01:00:00+01:00,1.1
1926-07-01T01:00:00+01:00,-1.1
1926-08-01T01:00:00+01:00,-1.7
1926-09-01T01:00:00+01:00,-1.1
1926-10-01T01:00:00+01:00,-0.6
1926-11-01T00:00:00Z,-1.7
1926-12-01T00:00:00Z,-1.1
1927-01-01T00:00:00Z,-2.2
1927-02-01T00:00:00Z,-2.8
1927-03-01T00:00:00Z,-2.8
1927-04-01T00:00:00Z,-3.4
1927-05-01T01:00:00+01:00,-2.2
1927-06-01T01:00:00+01:00,-0.6
1927-07-01T01:00:00+01:00,-1.1
1927-08-01T01:00:00+01:00,-1.1
1927-09-01T01:00:00+01:00,-1.1
1927-10-01T01:00:00+01:00,-1.1
1927-11-01T00:00:00Z,-2.3
1927-12-01T00:00:00Z,-2.3
1928-01-01T00:00:00Z,-1.1
1928-02-01T00:00:00Z,-1.7
1928-03-01T00:00:00Z,-1.2
1928-04-01T00:00:00Z,-1.2
1928-05-01T01:00:00+01:00,-1.1
1928-06-01T01:00:00+01:00,-2.8
1928-07-01T01:00:00+01:00,-1.2
1928-08-01T01:00:00+01:00,-0.6
1928-09-01T01:00:00+01:00,0
1928-10-01T01:00:00+01:00,-1.1
1928-11-01T00:00:00Z,-0.6
1928-12-01T00:00:00Z,-1.2
1929-01-01T00:00:00Z,-1.2
1929-02-01T00:00:00Z,0
1929-03-01T00:00:00Z,-0.6
1929-04-01T00:00:00Z,-1.2
1929-05-01T01:00:00+01:00,-1.2
1929-06-01T01:00:00+01:00,0
1929-07-01T01:00:00+01:00,1.2
1929-08-01T01:00:00+01:00,1.2
1929-09-01T01:00:00+01:00,0
1929-10-01T01:00:00+01:00,0.6
1929-11-01T00:00:00Z,0.6
1929-12-01T00:00:00Z,0.6
1930-01-01T00:00:00Z,0
1930-02-01T00:00:00Z,-0.6
1930-03-01T00:00:00Z,-0.6
1930-04-01T00:00:00Z,0.6
1930-05-01T00:00:00Z,-0.6
1930-06-01T00:00:00Z,-1.8
1930-07-01T00:00:00Z,-4
1930-08-01T00:00:00Z,-4.6
1930-09-01T00:00:00Z,-4
1930-10-01T00:00:00Z,-4.6
1930-11-01T00:00:00Z,-5.2
1930-12-01T00:00:00Z,-6.4
1931-01-01T00:00:00Z,-7
1931-02-01T00:00:00Z,-7.6
1931-03-01T00:00:00Z,-7.7
1931-04-01T00:00:00Z,-8.8
1931-05-01T00:00:00Z,-9.5
1931-06-01T00:00:00Z,-10.1
1931-07-01T00:00:00Z,-9
1931-08-01T00:00:00Z,-8.5
1931-09-01T00:00:00Z,-9.6
1931-10-01T00:00:00Z,-9.7
1931-11-01T00:00:00Z,-10.4
1931-12-01T00:00:00Z,-9.3
1932-01-01T00:00:00Z,-10.1
1932-02-01T00:00:00Z,-10.2
1932-03-01T00:00:00Z,-10.3
1932-04-01T00:00:00Z,-10.3
1932-05-01T00:00:00Z,-10.5
1932-06-01T00:00:00Z,-9.9
1932-07-01T00:00:00Z,-9.9
1932-08-01T00:00:00Z,-10.6
1932-09-01T00:00:00Z,-10.7
1932-10-01T00:00:00Z,-10.7
1932-11-01T00:00:00Z,-10.2
1932-12-01T00:00:00Z,-10.3
1933-01-01T00:00:00Z,-9.8
1933-02-01T00:00:00Z,-9.9
1933-03-01T00:00:00Z,-10
1933-04-01T00:00:00Z,-9.4
1933-05-01T00:00:00Z,-8
1933-06-01T00:00:00Z,-6.6
1933-07-01T00:00:00Z,-3.7
1933-08-01T00:00:00Z,-2.2
1933-09-01T00:00:00Z,-1.5
1933-10-01T00:00:00Z,-0.8
1933-11-01T00:00:00Z,0
1933-12-01T00:00:00Z,0.8
1934-01-01T00:00:00Z,2.3
1934-02-01T00:00:00Z,4.7
1934-03-01T00:00:00Z,5.6
1934-04-01T00:00:00Z,5.6
1934-05-01T00:00:00Z,5.6
1934-06-01T00:00:00Z,5.5
1934-07-01T00:00:00Z,2.3
1934-08-01T00:00:00Z,1.5
1934-09-01T00:00:00Z,3
1934-10-01T00:00:00Z,2.3
1934-11-01T00:00:00Z,2.3
1934-12-01T00:00:00Z,1.5
1935-01-01T00:00:00Z,3
1935-02-01T00:00:00Z,3
1935-03-01T00:00:00Z,3
1935-04-01T00:00:00Z,3.8
1935-05-01T00:00:00Z,3.8
1935-06-01T00:00:00Z,2.2
1935-07-01T00:00:00Z,2.2
1935-08-01T00:00:00Z,2.2
1935-09-01T00:00:00Z,0.7
1935-10-01T00:00:00Z,1.5
1935-11-01T00:00:00Z,2.2
1935-12-01T00:00:00Z,3
1936-01-01T00:00:00Z,1.5
1936-02-01T00:00:00Z,0.7
1936-03-01T00:00:00Z,0
1936-04-01T00:00:00Z,-0.7
1936-05-01T00:00:00Z,-0.7
1936-06-01T00:00:00Z,0.7
1936-07-01T00:00:00Z,1.5
1936-08-01T00:00:00Z,2.2
1936-09-01T00:00:00Z,2.2
1936-10-01T00:00:00Z,2.2
1936-11-01T00:00:00Z,1.4
1936-12-01T00:00:00Z,1.4
1937-01-01T00:00:00Z,2.2
1937-02-01T00:00:00Z,2.2
1937-03-01T00:00:00Z,3.6
1937-04-01T00:00:00Z,4.4
1937-05-01T00:00:00Z,5.1
1937-06-01T00:00:00Z,4.3
1937-07-01T01:00:00+01:00,4.3
1937-08-01T01:00:00+01:00,3.6
1937-09-01T01:00:00+01:00,4.3
1937-10-01T01:00:00+01:00,4.3
1937-11-01T00:00:00Z,3.6
1937-12-01T00:00:00Z,2.9
1938-01-01T00:00:00Z,0.7
1938-02-01T00:00:00Z,0
1938-03-01T00:00:00Z,-0.7
1938-04-01T00:00:00Z,-0.7
1938-05-01T02:00:00+02:00,-2.1
1938-06-01T02:00:00+02:00,-2.1
1938-07-01T02:00:00+02:00,-2.8
1938-08-01T02:00:00+02:00,-2.8
1938-09-01T02:00:00+02:00,-3.4
1938-10-01T02:00:00+02:00,-4.1
1938-11-01T01:00:00+01:00,-3.4
1938-12-01T01:00:00+01:00,-2.8
1939-01-01T01:00:00+01:00,-1.4
1939-02-01T01:00:00+01:00,-1.4
1939-03-01T01:00:00+01:00,-1.4
1939-04-01T01:00:00+01:00,-2.8
1939-05-01T01:00:00+01:00,-2.1
1939-06-01T01:00:00+01:00,-2.1
1939-07-01T01:00:00+01:00,-2.1
1939-08-01T01:00:00+01:00,-2.1
1939-09-01T01:00:00+01:00,0
1939-10-01T01:00:00+01:00,0
1939-11-01T00:00:00Z,0
1939-12-01T00:00:00Z,0
1940-01-01T00:00:00Z,-0.7
1940-02-01T00:00:00Z,0.7
1940-03-01T00:00:00Z,0.7
1940-04-01T01:00:00+01:00,1.4
1940-05-01T01:00:00+01:00,1.4
1940-06-01T01:00:00+01:00,2.2
1940-07-01T01:00:00+01:00,1.4
1940-08-01T01:00:00+01:00,1.4
1940-09-01T01:00:00+01:00,-0.7
1940-10-01T01:00:00+01:00,0
1940-11-01T01:00:00+01:00,0
1940-12-01T01:00:00+01:00,0.7
1941-01-01T01:00:00+01:00,1.4
1941-02-01T01:00:00+01:00,0.7
1941-03-01T01:00:00+01:00,1.4
1941-04-01T01:00:00+01:00,2.1
1941-05-01T01:00:00+01:00,2.9
1941-06-01T01:00:00+01:00,4.3
1941-07-01T01:00:00+01:00,5
1941-08-01T01:00:00+01:00,6.4
1941-09-01T01:00:00+01:00,7.9
1941-10-01T01:00:00+01:00,9.3
1941-11-01T01:00:00+01:00,10
1941-12-01T01:00:00+01:00,9.9
1942-01-01T01:00:00+01:00,11.3
1942-02-01T01:00:00+01:00,12.1
1942-03-01T01:00:00+01:00,12.7
1942-04-01T01:00:00+01:00,12.6
1942-05-01T01:00:00+01:00,13.2
1942-06-01T02:00:00+02:00,10.9
1942-07-01T02:00:00+02:00,11.6
1942-08-01T02:00:00+02:00,10.7
1942-09-01T01:00:00+01:00,9.3
1942-10-01T01:00:00+01:00,9.2
1942-11-01T01:00:00+01:00,9.1
1942-12-01T01:00:00+01:00,9
1943-01-01T01:00:00+01:00,7.6
1943-02-01T01:00:00+01:00,7
1943-03-01T01:00:00+01:00,7.5
1943-04-01T01:00:00+01:00,8.1
1943-05-01T02:00:00+02:00,7.4
1943-06-01T02:00:00+02:00,7.4
1943-07-01T02:00:00+02:00,6.1
1943-08-01T02:00:00+02:00,4.8
1943-09-01T02:00:00+02:00,5.5
1943-10-01T02:00:00+02:00,4.2
1943-11-01T01:00:00+01:00,3.6
1943-12-01T01:00:00+01:00,3
1944-01-01T01:00:00+01:00,3
1944-02-01T01:00:00+01:00,3
1944-03-01T01:00:00+01:00,1.2
1944-04-01T01:00:00+01:00,0.6
1944-05-01T02:00:00+02:00,0
1944-06-01T02:00:00+02:00,0.6
1944-07-01T02:00:00+02:00,1.7
1944-08-01T02:00:00+02:00,2.3
1944-09-01T02:00:00+02:00,1.7
1944-10-01T01:00:00+01:00,1.7
1944-11-01T01:00:00+01:00,1.7
1944-12-01T01:00:00+01:00,2.3
1945-01-01T01:00:00+01:00,2.3
1945-02-01T01:00:00+01:00,2.3
1945-03-01T01:00:00+01:00,2.3
1945-04-01T01:00:00+01:00,1.7
1945-05-01T02:00:00+02:00,2.3
1945-06-01T02:00:00+02:00,2.8
1945-07-01T02:00:00+02:00,2.3
1945-08-01T02:00:00+02:00,2.3
1945-09-01T02:00:00+02:00,2.3
1945-10-01T01:00:00+01:00,2.3
1945-11-01T01:00:00+01:00,2.3
1945-12-01T01:00:00+01:00,2.2
1946-01-01T01:00:00+01:00,2.2
1946-02-01T01:00:00+01:00,1.7
1946-03-01T01:00:00+01:00,2.8
1946-04-01T01:00:00+01:00,3.4
1946-05-01T02:00:00+02:00,3.4
1946-06-01T02:00:00+02:00,3.3
1946-07-01T02:00:00+02:00,9.4
1946-08-01T02:00:00+02:00,11.6
1946-09-01T02:00:00+02:00,12.7
1946-10-01T01:00:00+01:00,14.9
1946-11-01T01:00:00+01:00,17.7
1946-12-01T01:00:00+01:00,18.1
1947-01-01T01:00:00+01:00,18.1
1947-02-01T01:00:00+01:00,18.8
1947-03-01T01:00:00+01:00,19.7
1947-04-01T01:00:00+01:00,19
1947-05-01T01:00:00+01:00,18.4
1947-06-01T01:00:00+01:00,17.6
1947-07-01T01:00:00+01:00,12.1
1947-08-01T01:00:00+01:00,11.4
1947-09-01T01:00:00+01:00,12.7
1947-10-01T01:00:00+01:00,10.6
1947-11-01T01:00:00+01:00,8.5
1947-12-01T01:00:00+01:00,8.8
1948-01-01T01:00:00+01:00,10.2
1948-02-01T01:00:00+01:00,9.3
1948-03-01T01:00:00+01:00,6.8
1948-04-01T01:00:00+01:00,8.7
1948-05-01T01:00:00+01:00,9.1
1948-06-01T01:00:00+01:00,9.5
1948-07-01T01:00:00+01:00,9.9
1948-08-01T01:00:00+01:00,8.9
1948-09-01T01:00:00+01:00,6.5
1948-10-01T01:00:00+01:00,6.1
1948-11-01T01:00:00+01:00,4.8
1948-12-01T01:00:00+01:00,3
1949-01-01T01:00:00+01:00,1.3
1949-02-01T01:00:00+01:00,1.3
1949-03-01T01:00:00+01:00,1.7
1949-04-01T01:00:00+01:00,0.4
1949-05-01T02:00:00+02:00,-0.4
1949-06-01T02:00:00+02:00,-0.8
1949-07-01T02:00:00+02:00,-2.9
1949-08-01T02:00:00+02:00,-2.9
1949-09-01T02:00:00+02:00,-2.4
1949-10-01T02:00:00+02:00,-2.9
1949-11-01T01:00:00+01:00,-1.7
1949-12-01T01:00:00+01:00,-2.1
1950-01-01T01:00:00+01:00,-2.1
1950-02-01T01:00:00+01:00,-1.3
1950-03-01T01:00:00+01:00,-0.8
1950-04-01T01:00:00+01:00,-1.3
1950-05-01T01:00:00+01:00,-0.4
1950-06-01T01:00:00+01:00,-0.4
1950-07-01T01:00:00+01:00,1.7
1950-08-01T01:00:00+01:00,2.1
1950-09-01T01:00:00+01:00,2.1
1950-10-01T01:00:00+01:00,3.8
1950-11-01T01:00:00+01:00,3.8
1950-12-01T01:00:00+01:00,5.9
1951-01-01T01:00:00+01:00,8.1
1951-02-01T01:00:00+01:00,9.4
1951-03-01T01:00:00+01:00,9.3
1951-04-01T01:00:00+01:00,9.3
1951-05-01T01:00:00+01:00,9.3
1951-06-01T01:00:00+01:00,8.8
1951-07-01T01:00:00+01:00,7.5
1951-08-01T01:00:00+01:00,6.6
1951-09-01T01:00:00+01:00,7
1951-10-01T01:00:00+01:00,6.5
1951-11-01T01:00:00+01:00,6.9
1951-12-01T01:00:00+01:00,6
1952-01-01T01:00:00+01:00,4.3
1952-02-01T01:00:00+01:00,2.3
1952-03-01T01:00:00+01:00,1.9
1952-04-01T01:00:00+01:00,2.3
1952-05-01T01:00:00+01:00,1.9
1952-06-01T01:00:00+01:00,2.3
1952-07-01T01:00:00+01:00,3.1
1952-08-01T01:00:00+01:00,3.1
1952-09-01T01:00:00+01:00,2.3
1952-10-01T01:00:00+01:00,1.9
1952-11-01T01:00:00+01:00,1.1
1952-12-01T01:00:00+01:00,0.8
1953-01-01T01:00:00+01:00,0.4
1953-02-01T01:00:00+01:00,0.8
1953-03-01T01:00:00+01:00,1.1
1953-04-01T01:00:00+01:00,0.8
1953-05-01T01:00:00+01:00,1.1
1953-06-01T01:00:00+01:00,1.1
1953-07-01T01:00:00+01:00,0.4
1953-08-01T01:00:00+01:00,0.7
1953-09-01T01:00:00+01:00,0.7
1953-10-01T01:00:00+01:00,1.1
1953-11-01T01:00:00+01:00,0.7
1953-12-01T01:00:00+01:00,0.7
1954-01-01T01:00:00+01:00,1.1
1954-02-01T01:00:00+01:00,1.5
1954-03-01T01:00:00+01:00,1.1
1954-04-01T01:00:00+01:00,0.8
1954-05-01T01:00:00+01:00,0.7
1954-06-01T01:00:00+01:00,0.4
1954-07-01T01:00:00+01:00,0.4
1954-08-01T01:00:00+01:00,0
1954-09-01T01:00:00+01:00,-0.4
1954-10-01T01:00:00+01:00,-0.7
1954-11-01T01:00:00+01:00,-0.4
1954-12-01T01:00:00+01:00,-0.7
1955-01-01T01:00:00+01:00,-0.7
1955-02-01T01:00:00+01:00,-0.7
1955-03-01T01:00:00+01:00,-0.7
1955-04-01T01:00:00+01:00,-0.4
1955-05-01T01:00:00+01:00,-0.7
1955-06-01T01:00:00+01:00,-0.7
1955-07-01T01:00:00+01:00,-0.4
1955-08-01T01:00:00+01:00,-0.4
1955-09-01T01:00:00+01:00,0.4
1955-10-01T01:00:00+01:00,0.4
1955-11-01T01:00:00+01:00,0.4
1955-12-01T01:00:00+01:00,0.4
1956-01-01T01:00:00+01:00,0.4
1956-02-01T01:00:00+01:00,0.4
1956-03-01T01:00:00+01:00,0.4
1956-04-01T01:00:00+01:00,0.7
1956-05-01T01:00:00+01:00,1.1
1956-06-01T01:00:00+01:00,1.9
1956-07-01T01:00:00+01:00,2.2
1956-08-01T01:00:00+01:00,1.9
1956-09-01T01:00:00+01:00,1.9
1956-10-01T01:00:00+01:00,2.2
1956-11-01T01:00:00+01:00,2.2
1956-12-01T01:00:00+01:00,3
1957-01-01T01:00:00+01:00,3
1957-02-01T01:00:00+01:00,3.4
1957-03-01T01:00:00+01:00,3.7
1957-04-01T01:00:00+01:00,3.7
1957-05-01T01:00:00+01:00,3.7
1957-06-01T01:00:00+01:00,3.3
1957-07-01T01:00:00+01:00,3.3
1957-08-01T01:00:00+01:00,3.7
1957-09-01T01:00:00+01:00,3.3
1957-10-01T01:00:00+01:00,2.9
1957-11-01T01:00:00+01:00,3.3
1957-12-01T01:00:00+01:00,2.9
1958-01-01T01:00:00+01:00,3.6
1958-02-01T01:00:00+01:00,3.2
1958-03-01T01:00:00+01:00,3.6
1958-04-01T01:00:00+01:00,3.6
1958-05-01T01:00:00+01:00,3.2
1958-06-01T01:00:00+01:00,2.8
1958-07-01T01:00:00+01:00,2.5
1958-08-01T01:00:00+01:00,2.1
1958-09-01T01:00:00+01:00,2.1
1958-10-01T01:00:00+01:00,2.1
1958-11-01T01:00:00+01:00,2.1
1958-12-01T01:00:00+01:00,1.8
1959-01-01T01:00:00+01:00,1.4
1959-02-01T01:00:00+01:00,1
1959-03-01T01:00:00+01:00,0.3
1959-04-01T01:00:00+01:00,0.3
1959-05-01T01:00:00+01:00,0.3
1959-06-01T01:00:00+01:00,0.7
1959-07-01T01:00:00+01:00,0.7
1959-08-01T01:00:00+01:00,1
1959-09-01T01:00:00+01:00,1.4
1959-10-01T01:00:00+01:00,1.7
1959-11-01T01:00:00+01:00,1.4
1959-12-01T01:00:00+01:00,1.7
1960-01-01T01:00:00+01:00,1
1960-02-01T01:00:00+01:00,1.7
1960-03-01T01:00:00+01:00,1.7
1960-04-01T01:00:00+01:00,1.7
1960-05-01T01:00:00+01:00,1.7
1960-06-01T01:00:00+01:00,1.7
1960-07-01T01:00:00+01:00,1.4
1960-08-01T01:00:00+01:00,1.4
1960-09-01T01:00:00+01:00,1
1960-10-01T01:00:00+01:00,1.4
1960-11-01T01:00:00+01:00,1.4
1960-12-01T01:00:00+01:00,1.4
1961-01-01T01:00:00+01:00,1.7
1961-02-01T01:00:00+01:00,1.4
1961-03-01T01:00:00+01:00,1.4
1961-04-01T01:00:00+01:00,1
1961-05-01T01:00:00+01:00,1
1961-06-01T01:00:00+01:00,0.7
1961-07-01T01:00:00+01:00,1.4
1961-08-01T01:00:00+01:00,1
1961-09-01T01:00:00+01:00,1.4
1961-10-01T01:00:00+01:00,0.7
1961-11-01T01:00:00+01:00,0.7
1961-12-01T01:00:00+01:00,0.7
1962-01-01T01:00:00+01:00,0.7
1962-02-01T01:00:00+01:00,1
1962-03-01T01:00:00+01:00,1
1962-04-01T01:00:00+01:00,1.3
1962-05-01T01:00:00+01:00,1.3
1962-06-01T01:00:00+01:00,1.3
1962-07-01T01:00:00+01:00,1
1962-08-01T01:00:00+01:00,1.3
1962-09-01T01:00:00+01:00,1.3
1962-10-01T01:00:00+01:00,1.3
1962-11-01T01:00:00+01:00,1.3
1962-12-01T01:00:00+01:00,1.3
1963-01-01T01:00:00+01:00,1.3
1963-02-01T01:00:00+01:00,1
1963-03-01T01:00:00+01:00,1.3
1963-04-01T01:00:00+01:00,1
1963-05-01T01:00:00+01:00,1
1963-06-01T01:00:00+01:00,1.3
1963-07-01T01:00:00+01:00,1.3
1963-08-01T01:00:00+01:00,1.3
1963-09-01T01:00:00+01:00,1
1963-10-01T01:00:00+01:00,1.3
1963-11-01T01:00:00+01:00,1.3
1963-12-01T01:00:00+01:00,1.6
1964-01-01T01:00:00+01:00,1.6
1964-02-01T01:00:00+01:00,1.6
1964-03-01T01:00:00+01:00,1.3
1964-04-01T01:00:00+01:00,1.3
1964-05-01T01:00:00+01:00,1.3
1964-06-01T01:00:00+01:00,1.3
1964-07-01T01:00:00+01:00,1.3
1964-08-01T01:00:00+01:00,1
1964-09-01T01:00:00+01:00,1.3
1964-10-01T01:00:00+01:00,1
1964-11-01T01:00:00+01:00,1.3
1964-12-01T01:00:00+01:00,1
1965-01-01T01:00:00+01:00,1
1965-02-01T01:00:00+01:00,1
1965-03-01T01:00:00+01:00,1.3
1965-04-01T01:00:00+01:00,1.6
1965-05-01T01:00:00+01:00,1.6
1965-06-01T01:00:00+01:00,1.9
1965-07-01T01:00:00+01:00,1.6
1965-08-01T01:00:00+01:00,1.9
1965-09-01T01:00:00+01:00,1.6
1965-10-01T01:00:00+01:00,1.9
1965-11-01T01:00:00+01:00,1.6
1965-12-01T01:00:00+01:00,1.9
1966-01-01T01:00:00+01:00,1.9
1966-02-01T01:00:00+01:00,2.6
1966-03-01T01:00:00+01:00,2.6
1966-04-01T01:00:00+01:00,2.9
1966-05-01T01:00:00+01:00,2.9
1966-06-01T01:00:00+01:00,2.5
1966-07-01T01:00:00+01:00,2.8
1966-08-01T01:00:00+01:00,3.5
1966-09-01T01:00:00+01:00,3.5
1966-10-01T01:00:00+01:00,3.8
1966-11-01T01:00:00+01:00,3.8
1966-12-01T01:00:00+01:00,3.5
1967-01-01T01:00:00+01:00,3.5
1967-02-01T01:00:00+01:00,2.8
1967-03-01T01:00:00+01:00,2.8
1967-04-01T01:00:00+01:00,2.5
1967-05-01T01:00:00+01:00,2.8
1967-06-01T01:00:00+01:00,2.8
1967-07-01T01:00:00+01:00,2.8
1967-08-01T01:00:00+01:00,2.4
1967-09-01T01:00:00+01:00,2.8
1967-10-01T01:00:00+01:00,2.4
1967-11-01T01:00:00+01:00,2.7
1967-12-01T01:00:00+01:00,3
1968-01-01T01:00:00+01:00,3.6
1968-02-01T01:00:00+01:00,4
1968-03-01T01:00:00+01:00,3.9
1968-04-01T01:00:00+01:00,3.9
1968-05-01T01:00:00+01:00,3.9
1968-06-01T01:00:00+01:00,4.2
1968-07-01T01:00:00+01:00,4.5
1968-08-01T01:00:00+01:00,4.5
1968-09-01T01:00:00+01:00,4.5
1968-10-01T01:00:00+01:00,4.7
1968-11-01T01:00:00+01:00,4.7
1968-12-01T01:00:00+01:00,4.7
1969-01-01T01:00:00+01:00,4.4
1969-02-01T01:00:00+01:00,4.7
1969-03-01T01:00:00+01:00,5.2
1969-04-01T01:00:00+01:00,5.5
1969-05-01T01:00:00+01:00,5.5
1969-06-01T01:00:00+01:00,5.5
1969-07-01T01:00:00+01:00,5.4
1969-08-01T01:00:00+01:00,5.7
1969-09-01T01:00:00+01:00,5.7
1969-10-01T01:00:00+01:00,5.7
1969-11-01T01:00:00+01:00,5.9
1969-12-01T01:00:00+01:00,6.2
1970-01-01T01:00:00+01:00,6.2
1970-02-01T01:00:00+01:00,6.1
1970-03-01T01:00:00+01:00,5.8
1970-04-01T01:00:00+01:00,6.1
1970-05-01T01:00:00+01:00,6
1970-06-01T01:00:00+01:00,6
1970-07-01T01:00:00+01:00,6
1970-08-01T01:00:00+01:00,5.4
1970-09-01T01:00:00+01:00,5.7
1970-10-01T01:00:00+01:00,5.6
1970-11-01T01:00:00+01:00,5.6
1970-12-01T01:00:00+01:00,5.6
1971-01-01T01:00:00+01:00,5.3
1971-02-01T01:00:00+01:00,5
1971-03-01T01:00:00+01:00,4.7
1971-04-01T01:00:00+01:00,4.2
1971-05-01T01:00:00+01:00,4.4
1971-06-01T01:00:00+01:00,4.6
1971-07-01T01:00:00+01:00,4.4
1971-08-01T01:00:00+01:00,4.6
1971-09-01T01:00:00+01:00,4.1
1971-10-01T01:00:00+01:00,3.8
1971-11-01T01:00:00+01:00,3.3
1971-12-01T01:00:00+01:00,3.3
1972-01-01T01:00:00+01:00,3.3
1972-02-01T01:00:00+01:00,3.5
1972-03-01T01:00:00+01:00,3.5
1972-04-01T01:00:00+01:00,3.5
1972-05-01T01:00:00+01:00,3.2
1972-06-01T01:00:00+01:00,2.7
1972-07-01T01:00:00+01:00,2.9
1972-08-01T01:00:00+01:00,2.9
1972-09-01T01:00:00+01:00,3.2
1972-10-01T01:00:00+01:00,3.4
1972-11-01T01:00:00+01:00,3.7
1972-12-01T01:00:00+01:00,3.4
1973-01-01T01:00:00+01:00,3.6
1973-02-01T01:00:00+01:00,3.9
1973-03-01T01:00:00+01:00,4.6
1973-04-01T01:00:00+01:00,5.1
1973-05-01T01:00:00+01:00,5.5
1973-06-01T01:00:00+01:00,6
1973-07-01T01:00:00+01:00,5.7
1973-08-01T01:00:00+01:00,7.4
1973-09-01T01:00:00+01:00,7.4
1973-10-01T01:00:00+01:00,7.8
1973-11-01T01:00:00+01:00,8.3
1973-12-01T01:00:00+01:00,8.7
1974-01-01T01:00:00+01:00,9.4
1974-02-01T01:00:00+01:00,10
1974-03-01T01:00:00+01:00,10.4
1974-04-01T01:00:00+01:00,10.1
1974-05-01T02:00:00+02:00,10.7
1974-06-01T02:00:00+02:00,10.9
1974-07-01T02:00:00+02:00,11.5
1974-08-01T02:00:00+02:00,10.9
1974-09-01T02:00:00+02:00,11.9
1974-10-01T02:00:00+02:00,12.1
1974-11-01T01:00:00+01:00,12.2
1974-12-01T01:00:00+01:00,12.3
1975-01-01T01:00:00+01:00,11.8
1975-02-01T01:00:00+01:00,11.2
1975-03-01T01:00:00+01:00,10.3
1975-04-01T01:00:00+01:00,10.2
1975-05-01T02:00:00+02:00,9.5
1975-06-01T02:00:00+02:00,9.4
1975-07-01T02:00:00+02:00,9.7
1975-08-01T02:00:00+02:00,8.6
1975-09-01T02:00:00+02:00,7.9
1975-10-01T02:00:00+02:00,7.4
1975-11-01T01:00:00+01:00,7.4
1975-12-01T01:00:00+01:00,6.9
1976-01-01T01:00:00+01:00,6.7
1976-02-01T01:00:00+01:00,6.3
1976-03-01T01:00:00+01:00,6.1
1976-04-01T02:00:00+02:00,6
1976-05-01T02:00:00+02:00,6.2
1976-06-01T02:00:00+02:00,6
1976-07-01T02:00:00+02:00,5.4
1976-08-01T02:00:00+02:00,5.7
1976-09-01T02:00:00+02:00,5.5
1976-10-01T01:00:00+01:00,5.5
1976-11-01T01:00:00+01:00,4.9
1976-12-01T01:00:00+01:00,4.9
1977-01-01T01:00:00+01:00,5.2
1977-02-01T01:00:00+01:00,5.9
1977-03-01T01:00:00+01:00,6.4
1977-04-01T01:00:00+01:00,7
1977-05-01T02:00:00+02:00,6.7
1977-06-01T02:00:00+02:00,6.9
1977-07-01T02:00:00+02:00,6.8
1977-08-01T02:00:00+02:00,6.6
1977-09-01T02:00:00+02:00,6.6
1977-10-01T01:00:00+01:00,6.4
1977-11-01T01:00:00+01:00,6.7
1977-12-01T01:00:00+01:00,6.7
1978-01-01T01:00:00+01:00,6.8
1978-02-01T01:00:00+01:00,6.4
1978-03-01T01:00:00+01:00,6.6
1978-04-01T01:00:00+01:00,6.5
1978-05-01T02:00:00+02:00,7
1978-06-01T02:00:00+02:00,7.4
1978-07-01T02:00:00+02:00,7.7
1978-08-01T02:00:00+02:00,7.8
1978-09-01T02:00:00+02:00,8.3
1978-10-01T02:00:00+02:00,8.9
1978-11-01T01:00:00+01:00,8.9
1978-12-01T01:00:00+01:00,9
1979-01-01T01:00:00+01:00,9.3
1979-02-01T01:00:00+01:00,9.9
1979-03-01T01:00:00+01:00,10.1
1979-04-01T01:00:00+01:00,10.5
1979-05-01T02:00:00+02:00,10.9
1979-06-01T02:00:00+02:00,10.9
1979-07-01T02:00:00+02:00,11.3
1979-08-01T02:00:00+02:00,11.8
1979-09-01T02:00:00+02:00,12.2
1979-10-01T01:00:00+01:00,12.1
1979-11-01T01:00:00+01:00,12.6
1979-12-01T01:00:00+01:00,13.3
1980-01-01T01:00:00+01:00,13.9
1980-02-01T01:00:00+01:00,14.2
1980-03-01T01:00:00+01:00,14.8
1980-04-01T01:00:00+01:00,14.7
1980-05-01T02:00:00+02:00,14.4
1980-06-01T02:00:00+02:00,14.4
1980-07-01T02:00:00+02:00,13.1
1980-08-01T02:00:00+02:00,12.9
1980-09-01T02:00:00+02:00,12.6
1980-10-01T01:00:00+01:00,12.8
1980-11-01T01:00:00+01:00,12.6
1980-12-01T01:00:00+01:00,12.5
1981-01-01T01:00:00+01:00,11.8
1981-02-01T01:00:00+01:00,11.4
1981-03-01T01:00:00+01:00,10.5
1981-04-01T02:00:00+02:00,10
1981-05-01T02:00:00+02:00,9.8
1981-06-01T02:00:00+02:00,9.6
1981-07-01T02:00:00+02:00,10.8
1981-08-01T02:00:00+02:00,10.8
1981-09-01T02:00:00+02:00,11
1981-10-01T01:00:00+01:00,10.1
1981-11-01T01:00:00+01:00,9.6
1981-12-01T01:00:00+01:00,8.9
1982-01-01T01:00:00+01:00,8.4
1982-02-01T01:00:00+01:00,7.6
1982-03-01T01:00:00+01:00,6.8
1982-04-01T02:00:00+02:00,6.5
1982-05-01T02:00:00+02:00,6.7
1982-06-01T02:00:00+02:00,7.1
1982-07-01T02:00:00+02:00,6.4
1982-08-01T02:00:00+02:00,5.9
1982-09-01T02:00:00+02:00,5
1982-10-01T01:00:00+01:00,5.1
1982-11-01T01:00:00+01:00,4.6
1982-12-01T01:00:00+01:00,3.8
1983-01-01T01:00:00+01:00,3.7
1983-02-01T01:00:00+01:00,3.5
1983-03-01T01:00:00+01:00,3.6
1983-04-01T02:00:00+02:00,3.9
1983-05-01T02:00:00+02:00,3.5
1983-06-01T02:00:00+02:00,2.6
1983-07-01T02:00:00+02:00,2.5
1983-08-01T02:00:00+02:00,2.6
1983-09-01T02:00:00+02:00,2.9
1983-10-01T01:00:00+01:00,2.9
1983-11-01T01:00:00+01:00,3.3
1983-12-01T01:00:00+01:00,3.8
1984-01-01T01:00:00+01:00,4.2
1984-02-01T01:00:00+01:00,4.6
1984-03-01T01:00:00+01:00,4.8
1984-04-01T02:00:00+02:00,4.6
1984-05-01T02:00:00+02:00,4.2
1984-06-01T02:00:00+02:00,4.2
1984-07-01T02:00:00+02:00,4.2
1984-08-01T02:00:00+02:00,4.3
1984-09-01T02:00:00+02:00,4.3
1984-10-01T01:00:00+01:00,4.3
1984-11-01T01:00:00+01:00,4.1
1984-12-01T01:00:00+01:00,3.9
1985-01-01T01:00:00+01:00,3.5
1985-02-01T01:00:00+01:00,3.5
1985-03-01T01:00:00+01:00,3.7
1985-04-01T02:00:00+02:00,3.7
1985-05-01T02:00:00+02:00,3.8
1985-06-01T02:00:00+02:00,3.8
1985-07-01T02:00:00+02:00,3.6
1985-08-01T02:00:00+02:00,3.3
1985-09-01T02:00:00+02:00,3.1
1985-10-01T01:00:00+01:00,3.2
1985-11-01T01:00:00+01:00,3.5
1985-12-01T01:00:00+01:00,3.8
1986-01-01T01:00:00+01:00,3.9
1986-02-01T01:00:00+01:00,3.1
1986-03-01T01:00:00+01:00,2.3
1986-04-01T02:00:00+02:00,1.6
1986-05-01T02:00:00+02:00,1.5
1986-06-01T02:00:00+02:00,1.8
1986-07-01T02:00:00+02:00,1.6
1986-08-01T02:00:00+02:00,1.6
1986-09-01T02:00:00+02:00,1.8
1986-10-01T01:00:00+01:00,1.5
1986-11-01T01:00:00+01:00,1.3
1986-12-01T01:00:00+01:00,1.1
1987-01-01T01:00:00+01:00,1.5
1987-02-01T01:00:00+01:00,2.1
1987-03-01T01:00:00+01:00,3
1987-04-01T02:00:00+02:00,3.8
1987-05-01T02:00:00+02:00,3.9
1987-06-01T02:00:00+02:00,3.7
1987-07-01T02:00:00+02:00,3.9
1987-08-01T02:00:00+02:00,4.3
1987-09-01T02:00:00+02:00,4.4
1987-10-01T01:00:00+01:00,4.5
1987-11-01T01:00:00+01:00,4.5
1987-12-01T01:00:00+01:00,4.4
1988-01-01T01:00:00+01:00,4
1988-02-01T01:00:00+01:00,3.9
1988-03-01T01:00:00+01:00,3.9
1988-04-01T02:00:00+02:00,3.9
1988-05-01T02:00:00+02:00,3.9
1988-06-01T02:00:00+02:00,4
1988-07-01T02:00:00+02:00,4.1
1988-08-01T02:00:00+02:00,4
1988-09-01T02:00:00+02:00,4.2
1988-10-01T01:00:00+01:00,4.2
1988-11-01T01:00:00+01:00,4.2
1988-12-01T01:00:00+01:00,4.4
1989-01-01T01:00:00+01:00,4.7
1989-02-01T01:00:00+01:00,4.8
1989-03-01T01:00:00+01:00,5
1989-04-01T02:00:00+02:00,5.1
1989-05-01T02:00:00+02:00,5.4
1989-06-01T02:00:00+02:00,5.2
1989-07-01T02:00:00+02:00,5
1989-08-01T02:00:00+02:00,4.7
1989-09-01T02:00:00+02:00,4.3
1989-10-01T01:00:00+01:00,4.5
1989-11-01T01:00:00+01:00,4.7
1989-12-01T01:00:00+01:00,4.6
1990-01-01T01:00:00+01:00,5.2
1990-02-01T01:00:00+01:00,5.3
1990-03-01T01:00:00+01:00,5.2
1990-04-01T02:00:00+02:00,4.7
1990-05-01T02:00:00+02:00,4.4
1990-06-01T02:00:00+02:00,4.7
1990-07-01T02:00:00+02:00,4.8
1990-08-01T02:00:00+02:00,5.6
1990-09-01T02:00:00+02:00,6.2
1990-10-01T01:00:00+01:00,6.3
1990-11-01T01:00:00+01:00,6.3
1990-12-01T01:00:00+01:00,6.1
1991-01-01T01:00:00+01:00,5.7
1991-02-01T01:00:00+01:00,5.3
1991-03-01T01:00:00+01:00,4.9
1991-04-01T02:00:00+02:00,4.9
1991-05-01T02:00:00+02:00,5
1991-06-01T02:00:00+02:00,4.7
1991-07-01T02:00:00+02:00,4.4
1991-08-01T02:00:00+02:00,3.8
1991-09-01T02:00:00+02:00,3.4
1991-10-01T01:00:00+01:00,2.9
1991-11-01T01:00:00+01:00,3
1991-12-01T01:00:00+01:00,3.1
1992-01-01T01:00:00+01:00,2.6
1992-02-01T01:00:00+01:00,2.8
1992-03-01T01:00:00+01:00,3.2
1992-04-01T02:00:00+02:00,3.2
1992-05-01T02:00:00+02:00,3
1992-06-01T02:00:00+02:00,3.1
1992-07-01T02:00:00+02:00,3.2
1992-08-01T02:00:00+02:00,3.1
1992-09-01T02:00:00+02:00,3
1992-10-01T01:00:00+01:00,3.2
1992-11-01T01:00:00+01:00,3
1992-12-01T01:00:00+01:00,2.9
1993-01-01T01:00:00+01:00,3.3
1993-02-01T01:00:00+01:00,3.2
1993-03-01T01:00:00+01:00,3.1
1993-04-01T02:00:00+02:00,3.2
1993-05-01T02:00:00+02:00,3.2
1993-06-01T02:00:00+02:00,3
1993-07-01T02:00:00+02:00,2.8
1993-08-01T02:00:00+02:00,2.8
1993-09-01T02:00:00+02:00,2.7
1993-10-01T01:00:00+01:00,2.8
1993-11-01T01:00:00+01:00,2.7
1993-12-01T01:00:00+01:00,2.7
1994-01-01T01:00:00+01:00,2.5
1994-02-01T01:00:00+01:00,2.5
1994-03-01T01:00:00+01:00,2.5
1994-04-01T02:00:00+02:00,2.4
1994-05-01T02:00:00+02:00,2.3
1994-06-01T02:00:00+02:00,2.5
1994-07-01T02:00:00+02:00,2.8
1994-08-01T02:00:00+02:00,2.9
1994-09-01T02:00:00+02:00,3
1994-10-01T01:00:00+01:00,2.6
1994-11-01T01:00:00+01:00,2.7
1994-12-01T01:00:00+01:00,2.7
1995-01-01T01:00:00+01:00,2.8
1995-02-01T01:00:00+01:00,2.9
1995-03-01T01:00:00+01:00,2.9
1995-04-01T02:00:00+02:00,3.1
1995-05-01T02:00:00+02:00,3.2
1995-06-01T02:00:00+02:00,3
1995-07-01T02:00:00+02:00,2.8
1995-08-01T02:00:00+02:00,2.6
1995-09-01T02:00:00+02:00,2.5
1995-10-01T01:00:00+01:00,2.8
1995-11-01T01:00:00+01:00,2.6
1995-12-01T01:00:00+01:00,2.5
1996-01-01T01:00:00+01:00,2.7
1996-02-01T01:00:00+01:00,2.7
1996-03-01T01:00:00+01:00,2.8
1996-04-01T02:00:00+02:00,2.9
1996-05-01T02:00:00+02:00,2.9
1996-06-01T02:00:00+02:00,2.8
1996-07-01T02:00:00+02:00,3
1996-08-01T02:00:00+02:00,2.9
1996-09-01T02:00:00+02:00,3
1996-10-01T02:00:00+02:00,3
1996-11-01T01:00:00+01:00,3.3
1996-12-01T01:00:00+01:00,3.3
1997-01-01T01:00:00+01:00,3
1997-02-01T01:00:00+01:00,3
1997-03-01T01:00:00+01:00,2.8
1997-04-01T02:00:00+02:00,2.5
1997-05-01T02:00:00+02:00,2.2
1997-06-01T02:00:00+02:00,2.3
1997-07-01T02:00:00+02:00,2.2
1997-08-01T02:00:00+02:00,2.2
1997-09-01T02:00:00+02:00,2.2
1997-10-01T02:00:00+02:00,2.1
1997-11-01T01:00:00+01:00,1.8
1997-12-01T01:00:00+01:00,1.7
1998-01-01T01:00:00+01:00,1.6
1998-02-01T01:00:00+01:00,1.4
1998-03-01T01:00:00+01:00,1.4
1998-04-01T02:00:00+02:00,1.4
1998-05-01T02:00:00+02:00,1.7
1998-06-01T02:00:00+02:00,1.7
1998-07-01T02:00:00+02:00,1.7
1998-08-01T02:00:00+02:00,1.6
1998-09-01T02:00:00+02:00,1.5
1998-10-01T02:00:00+02:00,1.5
1998-11-01T01:00:00+01:00,1.5
1998-12-01T01:00:00+01:00,1.6
1999-01-01T01:00:00+01:00,1.7
1999-02-01T01:00:00+01:00,1.6
1999-03-01T01:00:00+01:00,1.7
1999-04-01T02:00:00+02:00,2.3
1999-05-01T02:00:00+02:00,2.1
1999-06-01T02:00:00+02:00,2
1999-07-01T02:00:00+02:00,2.1
1999-08-01T02:00:00+02:00,2.3
1999-09-01T02:00:00+02:00,2.6
1999-10-01T02:00:00+02:00,2.6
1999-11-01T01:00:00+01:00,2.6
1999-12-01T01:00:00+01:00,2.7
2000-01-01T01:00:00+01:00,2.7
2000-02-01T01:00:00+01:00,3.2
2000-03-01T01:00:00+01:00,3.8
2000-04-01T02:00:00+02:00,3.1
2000-05-01T02:00:00+02:00,3.2
2000-06-01T02:00:00+02:00,3.7
2000-07-01T02:00:00+02:00,3.7
2000-08-01T02:00:00+02:00,3.4
2000-09-01T02:00:00+02:00,3.5
2000-10-01T02:00:00+02:00,3.4
2000-11-01T01:00:00+01:00,3.4
2000-12-01T01:00:00+01:00,3.4
2001-01-01T01:00:00+01:00,3.7
2001-02-01T01:00:00+01:00,3.5
2001-03-01T01:00:00+01:00,2.9
2001-04-01T02:00:00+02:00,3.3
2001-05-01T02:00:00+02:00,3.6
2001-06-01T02:00:00+02:00,3.2
2001-07-01T02:00:00+02:00,2.7
2001-08-01T02:00:00+02:00,2.7
2001-09-01T02:00:00+02:00,2.6
2001-10-01T02:00:00+02:00,2.1
2001-11-01T01:00:00+01:00,1.9
2001-12-01T01:00:00+01:00,1.6
2002-01-01T01:00:00+01:00,1.1
2002-02-01T01:00:00+01:00,1.1
2002-03-01T01:00:00+01:00,1.5
2002-04-01T02:00:00+02:00,1.6
2002-05-01T02:00:00+02:00,1.2
2002-06-01T02:00:00+02:00,1.1
2002-07-01T02:00:00+02:00,1.5
2002-08-01T02:00:00+02:00,1.8
2002-09-01T02:00:00+02:00,1.5
2002-10-01T02:00:00+02:00,2
2002-11-01T01:00:00+01:00,2.2
2002-12-01T01:00:00+01:00,2.4
2003-01-01T01:00:00+01:00,2.6
2003-02-01T01:00:00+01:00,3
2003-03-01T01:00:00+01:00,3
2003-04-01T02:00:00+02:00,2.2
2003-05-01T02:00:00+02:00,2.1
2003-06-01T02:00:00+02:00,2.1
2003-07-01T02:00:00+02:00,2.1
2003-08-01T02:00:00+02:00,2.2
2003-09-01T02:00:00+02:00,2.3
2003-10-01T02:00:00+02:00,2
2003-11-01T01:00:00+01:00,1.8
2003-12-01T01:00:00+01:00,1.9
2004-01-01T01:00:00+01:00,2
2004-02-01T01:00:00+01:00,1.7
2004-03-01T01:00:00+01:00,1.7
2004-04-01T02:00:00+02:00,2.3
2004-05-01T02:00:00+02:00,3.1
2004-06-01T02:00:00+02:00,3.3
2004-07-01T02:00:00+02:00,2.9
2004-08-01T02:00:00+02:00,2.7
2004-09-01T02:00:00+02:00,2.5
2004-10-01T02:00:00+02:00,3.2
2004-11-01T01:00:00+01:00,3.5
2004-12-01T01:00:00+01:00,3.3
2005-01-01T01:00:00+01:00,3
2005-02-01T01:00:00+01:00,3
2005-03-01T01:00:00+01:00,3.1
2005-04-01T02:00:00+02:00,3.5
2005-05-01T02:00:00+02:00,2.8
2005-06-01T02:00:00+02:00,2.5
2005-07-01T02:00:00+02:00,3.2
2005-08-01T02:00:00+02:00,3.6
2005-09-01T02:00:00+02:00,4.7
2005-10-01T02:00:00+02:00,4.3
2005-11-01T01:00:00+01:00,3.5
2005-12-01T01:00:00+01:00,3.4
2006-01-01T01:00:00+01:00,4
2006-02-01T01:00:00+01:00,3.6
2006-03-01T01:00:00+01:00,3.4
2006-04-01T02:00:00+02:00,3.5
2006-05-01T02:00:00+02:00,4.2
2006-06-01T02:00:00+02:00,4.3
2006-07-01T02:00:00+02:00,4.1
2006-08-01T02:00:00+02:00,3.8
2006-09-01T02:00:00+02:00,2.1
2006-10-01T02:00:00+02:00,1.3
2006-11-01T01:00:00+01:00,2
2006-12-01T01:00:00+01:00,2.5
2007-01-01T01:00:00+01:00,2.1
2007-02-01T01:00:00+01:00,2.4
2007-03-01T01:00:00+01:00,2.8
2007-04-01T02:00:00+02:00,2.6
2007-05-01T02:00:00+02:00,2.7
2007-06-01T02:00:00+02:00,2.7
2007-07-01T02:00:00+02:00,2.4
2007-08-01T02:00:00+02:00,2
2007-09-01T02:00:00+02:00,2.8
2007-10-01T02:00:00+02:00,3.5
2007-11-01T01:00:00+01:00,4.3
2007-12-01T01:00:00+01:00,4.1
2008-01-01T01:00:00+01:00,4.3
2008-02-01T01:00:00+01:00,4
2008-03-01T01:00:00+01:00,4
2008-04-01T02:00:00+02:00,3.9
2008-05-01T02:00:00+02:00,4.2
2008-06-01T02:00:00+02:00,5
2008-07-01T02:00:00+02:00,5.6
2008-08-01T02:00:00+02:00,5.4
2008-09-01T02:00:00+02:00,4.9
2008-10-01T02:00:00+02:00,3.7
2008-11-01T01:00:00+01:00,1.1
2008-12-01T01:00:00+01:00,0.1
2009-01-01T01:00:00+01:00,0
2009-02-01T01:00:00+01:00,0.2
2009-03-01T01:00:00+01:00,-0.4
2009-04-01T02:00:00+02:00,-0.7
2009-05-01T02:00:00+02:00,-1.3
2009-06-01T02:00:00+02:00,-1.4
2009-07-01T02:00:00+02:00,-2.1
2009-08-01T02:00:00+02:00,-1.5
2009-09-01T02:00:00+02:00,-1.3
2009-10-01T02:00:00+02:00,-0.2
2009-11-01T01:00:00+01:00,1.8
2009-12-01T01:00:00+01:00,2.7
2010-01-01T01:00:00+01:00,2.6
2010-02-01T01:00:00+01:00,2.1
2010-03-01T01:00:00+01:00,2.3
2010-04-01T02:00:00+02:00,2.2
2010-05-01T02:00:00+02:00,2
2010-06-01T02:00:00+02:00,1.1
2010-07-01T02:00:00+02:00,1.2
2010-08-01T02:00:00+02:00,1.1
2010-09-01T02:00:00+02:00,1.1
2010-10-01T02:00:00+02:00,1.2
2010-11-01T01:00:00+01:00,1.1
2010-12-01T01:00:00+01:00,1.5
2011-01-01T01:00:00+01:00,1.6
2011-02-01T01:00:00+01:00,2.1
2011-03-01T01:00:00+01:00,2.7
2011-04-01T02:00:00+02:00,3.2
2011-05-01T02:00:00+02:00,3.6
2011-06-01T02:00:00+02:00,3.6
2011-07-01T02:00:00+02:00,3.6
2011-08-01T02:00:00+02:00,3.8
2011-09-01T02:00:00+02:00,3.9
2011-10-01T02:00:00+02:00,3.5
2011-11-01T01:00:00+01:00,3.4
2011-12-01T01:00:00+01:00,3
2012-01-01T01:00:00+01:00,2.9
2012-02-01T01:00:00+01:00,2.9
2012-03-01T01:00:00+01:00,2.7
2012-04-01T02:00:00+02:00,2.3
2012-05-01T02:00:00+02:00,1.7
2012-06-01T02:00:00+02:00,1.7
2012-07-01T02:00:00+02:00,1.4
2012-08-01T02:00:00+02:00,1.7
2012-09-01T02:00:00+02:00,2
2012-10-01T02:00:00+02:00,2.2
2012-11-01T01:00:00+01:00,1.8
2012-12-01T01:00:00+01:00,1.7
2013-01-01T01:00:00+01:00,1.6
2013-02-01T01:00:00+01:00,2
2013-03-01T01:00:00+01:00,1.5
2013-04-01T02:00:00+02:00,1.1
2013-05-01T02:00:00+02:00,1.4
2013-06-01T02:00:00+02:00,1.8
2013-07-01T02:00:00+02:00,2
2013-08-01T02:00:00+02:00,1.5
2013-09-01T02:00:00+02:00,1.2
2013-10-01T02:00:00+02:00,1
2013-11-01T01:00:00+01:00,1.2
2013-12-01T01:00:00+01:00,1.5
2014-01-01T01:00:00+01:00,1.6
2014-02-01T01:00:00+01:00,1.1
2014-03-01T01:00:00+01:00,1.5
2014-04-01T02:00:00+02:00,2
2014-05-01T02:00:00+02:00,2.1
2014-06-01T02:00:00+02:00,2.1
2014-07-01T02:00:00+02:00,2
2014-08-01T02:00:00+02:00,1.7
2014-09-01T02:00:00+02:00,1.7
2014-10-01T02:00:00+02:00,1.7
2014-11-01T01:00:00+01:00,1.3
2014-12-01T01:00:00+01:00,0.8
2015-01-01T01:00:00+01:00,-0.1
2015-02-01T01:00:00+01:00,0
2015-03-01T01:00:00+01:00,-0.1
2015-04-01T02:00:00+02:00,-0.2
2015-05-01T02:00:00+02:00,0
2015-06-01T02:00:00+02:00,0.1
2015-07-01T02:00:00+02:00,0.2
2015-08-01T02:00:00+02:00,0.2
2015-09-01T02:00:00+02:00,0
2015-10-01T02:00:00+02:00,0.2
2015-11-01T01:00:00+01:00,0.5
2015-12-01T01:00:00+01:00,0.7
2016-01-01T01:00:00+01:00,1.4
2016-02-01T01:00:00+01:00,1
2016-03-01T01:00:00+01:00,0.9
2016-04-01T02:00:00+02:00,1.1
2016-05-01T02:00:00+02:00,1
2016-06-01T02:00:00+02:00,1
2016-07-01T02:00:00+02:00,0.8
2016-08-01T02:00:00+02:00,1.1
2016-09-01T02:00:00+02:00,1.5
2016-10-01T02:00:00+02:00,1.6
2016-11-01T01:00:00+01:00,1.7
2016-12-01T01:00:00+01:00,2.1
2017-01-01T01:00:00+01:00,2.5
2017-02-01T01:00:00+01:00,2.7
2017-03-01T01:00:00+01:00,2.4
2017-04-01T02:00:00+02:00,2.2
2017-05-01T02:00:00+02:00,1.9
2017-06-01T02:00:00+02:00,1.6
2017-07-01T02:00:00+02:00,1.7
2017-08-01T02:00:00+02:00,1.9
2017-09-01T02:00:00+02:00,2.2
2017-10-01T02:00:00+02:00,2
2017-11-01T01:00:00+01:00,2.2
2017-12-01T01:00:00+01:00,2.1
2018-01-01T01:00:00+01:00,2.1
2018-02-01T01:00:00+01:00,2.2
2018-03-01T01:00:00+01:00,2.4
2018-04-01T02:00:00+02:00,2.5
2018-05-01T02:00:00+02:00,2.8
2018-06-01T02:00:00+02:00,2.9
2018-07-01T02:00:00+02:00,2.9
2018-08-01T02:00:00+02:00,2.7
2018-09-01T02:00:00+02:00,2.3
2018-10-01T02:00:00+02:00,2.5
2018-11-01T01:00:00+01:00,2.2
2018-12-01T01:00:00+01:00,1.9
2019-01-01T01:00:00+01:00,1.6
2019-02-01T01:00:00+01:00,1.5
2019-03-01T01:00:00+01:00,1.9
2019-04-01T02:00:00+02:00,2
2019-05-01T02:00:00+02:00,1.8
2019-06-01T02:00:00+02:00,1.6
2019-07-01T02:00:00+02:00,1.8
2019-08-01T02:00:00+02:00,1.7
2019-09-01T02:00:00+02:00,1.7
2019-10-01T02:00:00+02:00,1.8
2019-11-01T01:00:00+01:00,2.1
2019-12-01T01:00:00+01:00,2.3
2020-01-01T01:00:00+01:00,2.5
2020-02-01T01:00:00+01:00,2.3
2020-03-01T01:00:00+01:00,1.5
2020-04-01T02:00:00+02:00,0.3
2020-05-01T02:00:00+02:00,0.1
2020-06-01T02:00:00+02:00,0.6
2020-07-01T02:00:00+02:00,1
2020-08-01T02:00:00+02:00,1.3
2020-09-01T02:00:00+02:00,1.4
2020-10-01T02:00:00+02:00,1.2
2020-11-01T01:00:00+01:00,1.2
2020-12-01T01:00:00+01:00,1.4
2021-01-01T01:00:00+01:00,1.4
2021-02-01T01:00:00+01:00,1.7
2021-03-01T01:00:00+01:00,2.6
2021-04-01T02:00:00+02:00,4.2
2021-05-01T02:00:00+02:00,5
2021-06-01T02:00:00+02:00,5.4
2021-07-01T02:00:00+02:00,5.4
2021-08-01T02:00:00+02:00,5.3
2021-09-01T02:00:00+02:00,5.4
2021-10-01T02:00:00+02:00,6.2
2021-11-01T01:00:00+01:00,6.8
2021-12-01T01:00:00+01:00,7
2022-01-01T01:00:00+01:00,7.5
2022-02-01T01:00:00+01:00,7.9
2022-03-01T01:00:00+01:00,8.5
2022-04-01T02:00:00+02:00,8.3
2022-05-01T02:00:00+02:00,8.6
2022-06-01T02:00:00+02:00,9.1
2022-07-01T02:00:00+02:00,8.5
2022-08-01T02:00:00+02:00,8.3
2022-09-01T02:00:00+02:00,8.2
2022-10-01T02:00:00+02:00,7.7
