time,close,close (in billions)
1959-01-01T01:00:00+01:00,2.87E+11,286.6
1959-02-01T01:00:00+01:00,2.88E+11,287.7
1959-03-01T01:00:00+01:00,2.89E+11,289.2
1959-04-01T01:00:00+01:00,2.90E+11,290.1
1959-05-01T01:00:00+01:00,2.92E+11,292.2
1959-06-01T01:00:00+01:00,2.94E+11,294.1
1959-07-01T01:00:00+01:00,2.95E+11,295.2
1959-08-01T01:00:00+01:00,2.96E+11,296.4
1959-09-01T01:00:00+01:00,2.97E+11,296.7
1959-10-01T01:00:00+01:00,2.97E+11,296.5
1959-11-01T01:00:00+01:00,2.97E+11,297.1
1959-12-01T01:00:00+01:00,2.98E+11,297.8
1960-01-01T01:00:00+01:00,2.98E+11,298.2
1960-02-01T01:00:00+01:00,2.98E+11,298.4
1960-03-01T01:00:00+01:00,2.99E+11,299.3
1960-04-01T01:00:00+01:00,3.00E+11,300.1
1960-05-01T01:00:00+01:00,3.01E+11,300.9
1960-06-01T01:00:00+01:00,3.02E+11,302.3
1960-07-01T01:00:00+01:00,3.04E+11,304.1
1960-08-01T01:00:00+01:00,3.07E+11,306.9
1960-09-01T01:00:00+01:00,3.08E+11,308.4
1960-10-01T01:00:00+01:00,3.10E+11,309.5
1960-11-01T01:00:00+01:00,3.11E+11,310.9
1960-12-01T01:00:00+01:00,3.12E+11,312.4
1961-01-01T01:00:00+01:00,3.14E+11,314.1
1961-02-01T01:00:00+01:00,3.17E+11,316.5
1961-03-01T01:00:00+01:00,3.18E+11,318.3
1961-04-01T01:00:00+01:00,3.20E+11,319.9
1961-05-01T01:00:00+01:00,3.22E+11,322.2
1961-06-01T01:00:00+01:00,3.24E+11,324.3
1961-07-01T01:00:00+01:00,3.26E+11,325.6
1961-08-01T01:00:00+01:00,3.28E+11,327.6
1961-09-01T01:00:00+01:00,3.30E+11,329.5
1961-10-01T01:00:00+01:00,3.31E+11,331.1
1961-11-01T01:00:00+01:00,3.33E+11,333.4
1961-12-01T01:00:00+01:00,3.36E+11,335.5
1962-01-01T01:00:00+01:00,3.38E+11,337.5
1962-02-01T01:00:00+01:00,3.40E+11,340.1
1962-03-01T01:00:00+01:00,3.43E+11,343.1
1962-04-01T01:00:00+01:00,3.46E+11,345.5
1962-05-01T01:00:00+01:00,3.48E+11,347.5
1962-06-01T01:00:00+01:00,3.49E+11,349.3
1962-07-01T01:00:00+01:00,3.51E+11,350.8
1962-08-01T01:00:00+01:00,3.53E+11,352.8
1962-09-01T01:00:00+01:00,3.55E+11,354.9
1962-10-01T01:00:00+01:00,3.57E+11,357.2
1962-11-01T01:00:00+01:00,3.60E+11,359.8
1962-12-01T01:00:00+01:00,3.63E+11,362.7
1963-01-01T01:00:00+01:00,3.65E+11,365.2
1963-02-01T01:00:00+01:00,3.68E+11,367.9
1963-03-01T01:00:00+01:00,3.71E+11,370.7
1963-04-01T01:00:00+01:00,3.73E+11,373.3
1963-05-01T01:00:00+01:00,3.76E+11,376.1
1963-06-01T01:00:00+01:00,3.78E+11,378.4
1963-07-01T01:00:00+01:00,3.81E+11,381.1
1963-08-01T01:00:00+01:00,3.84E+11,383.6
1963-09-01T01:00:00+01:00,3.86E+11,386
1963-10-01T01:00:00+01:00,3.88E+11,388.3
1963-11-01T01:00:00+01:00,3.92E+11,391.5
1963-12-01T01:00:00+01:00,3.93E+11,393.2
1964-01-01T01:00:00+01:00,3.95E+11,395.2
1964-02-01T01:00:00+01:00,3.98E+11,397.6
1964-03-01T01:00:00+01:00,4.00E+11,399.8
1964-04-01T01:00:00+01:00,4.02E+11,401.7
1964-05-01T01:00:00+01:00,4.04E+11,404.2
1964-06-01T01:00:00+01:00,4.07E+11,407.1
1964-07-01T01:00:00+01:00,4.10E+11,410.1
1964-08-01T01:00:00+01:00,4.13E+11,413.4
1964-09-01T01:00:00+01:00,4.17E+11,416.9
1964-10-01T01:00:00+01:00,4.19E+11,419.1
1964-11-01T01:00:00+01:00,4.22E+11,422
1964-12-01T01:00:00+01:00,4.25E+11,424.7
1965-01-01T01:00:00+01:00,4.28E+11,427.5
1965-02-01T01:00:00+01:00,4.30E+11,430.4
1965-03-01T01:00:00+01:00,4.33E+11,433.2
1965-04-01T01:00:00+01:00,4.35E+11,435.4
1965-05-01T01:00:00+01:00,4.37E+11,437.1
1965-06-01T01:00:00+01:00,4.40E+11,440.1
1965-07-01T01:00:00+01:00,4.43E+11,442.9
1965-08-01T01:00:00+01:00,4.46E+11,445.8
1965-09-01T01:00:00+01:00,4.50E+11,449.5
1965-10-01T01:00:00+01:00,4.53E+11,452.6
1965-11-01T01:00:00+01:00,4.56E+11,455.7
1965-12-01T01:00:00+01:00,4.59E+11,459.2
1966-01-01T01:00:00+01:00,4.62E+11,462
1966-02-01T01:00:00+01:00,4.65E+11,464.6
1966-03-01T01:00:00+01:00,4.67E+11,467.2
1966-04-01T01:00:00+01:00,4.69E+11,469.3
1966-05-01T01:00:00+01:00,4.70E+11,470.1
1966-06-01T01:00:00+01:00,4.71E+11,471.2
1966-07-01T01:00:00+01:00,4.71E+11,470.9
1966-08-01T01:00:00+01:00,4.73E+11,472.6
1966-09-01T01:00:00+01:00,4.75E+11,475.4
1966-10-01T01:00:00+01:00,4.76E+11,475.7
1966-11-01T01:00:00+01:00,4.77E+11,477.3
1966-12-01T01:00:00+01:00,4.80E+11,480.2
1967-01-01T01:00:00+01:00,4.82E+11,481.6
1967-02-01T01:00:00+01:00,4.85E+11,485.1
1967-03-01T01:00:00+01:00,4.90E+11,489.7
1967-04-01T01:00:00+01:00,4.92E+11,492.1
1967-05-01T01:00:00+01:00,4.97E+11,497.2
1967-06-01T01:00:00+01:00,5.02E+11,502
1967-07-01T01:00:00+01:00,5.06E+11,506.3
1967-08-01T01:00:00+01:00,5.11E+11,510.8
1967-09-01T01:00:00+01:00,5.15E+11,514.7
1967-10-01T01:00:00+01:00,5.18E+11,518.2
1967-11-01T01:00:00+01:00,5.21E+11,521.2
1967-12-01T01:00:00+01:00,5.25E+11,524.8
1968-01-01T01:00:00+01:00,5.27E+11,527.4
1968-02-01T01:00:00+01:00,5.30E+11,530.4
1968-03-01T01:00:00+01:00,5.33E+11,533.2
1968-04-01T01:00:00+01:00,5.36E+11,535.7
1968-05-01T01:00:00+01:00,5.39E+11,538.9
1968-06-01T01:00:00+01:00,5.43E+11,542.6
1968-07-01T01:00:00+01:00,5.46E+11,545.6
1968-08-01T01:00:00+01:00,5.49E+11,549.4
1968-09-01T01:00:00+01:00,5.54E+11,553.6
1968-10-01T01:00:00+01:00,5.58E+11,557.6
1968-11-01T01:00:00+01:00,5.62E+11,562.4
1968-12-01T01:00:00+01:00,5.67E+11,566.8
1969-01-01T01:00:00+01:00,5.69E+11,569.3
1969-02-01T01:00:00+01:00,5.72E+11,571.9
1969-03-01T01:00:00+01:00,5.74E+11,574.4
1969-04-01T01:00:00+01:00,5.76E+11,575.7
1969-05-01T01:00:00+01:00,5.77E+11,576.5
1969-06-01T01:00:00+01:00,5.79E+11,578.5
1969-07-01T01:00:00+01:00,5.80E+11,579.5
1969-08-01T01:00:00+01:00,5.80E+11,580.1
1969-09-01T01:00:00+01:00,5.82E+11,582.1
1969-10-01T01:00:00+01:00,5.83E+11,583.4
1969-11-01T01:00:00+01:00,5.85E+11,585.4
1969-12-01T01:00:00+01:00,5.88E+11,587.9
1970-01-01T01:00:00+01:00,5.90E+11,589.6
1970-02-01T01:00:00+01:00,5.86E+11,586.3
1970-03-01T01:00:00+01:00,5.87E+11,587.3
1970-04-01T01:00:00+01:00,5.88E+11,588.4
1970-05-01T01:00:00+01:00,5.92E+11,591.5
1970-06-01T01:00:00+01:00,5.95E+11,595.2
1970-07-01T01:00:00+01:00,5.99E+11,599.1
1970-08-01T01:00:00+01:00,6.05E+11,604.9
1970-09-01T01:00:00+01:00,6.11E+11,611.2
1970-10-01T01:00:00+01:00,6.16E+11,616.4
1970-11-01T01:00:00+01:00,6.21E+11,621.1
1970-12-01T01:00:00+01:00,6.27E+11,626.5
1971-01-01T01:00:00+01:00,6.33E+11,632.9
1971-02-01T01:00:00+01:00,6.41E+11,641
1971-03-01T01:00:00+01:00,6.50E+11,649.9
1971-04-01T01:00:00+01:00,6.58E+11,658.4
1971-05-01T01:00:00+01:00,6.67E+11,666.7
1971-06-01T01:00:00+01:00,6.73E+11,673
1971-07-01T01:00:00+01:00,6.80E+11,679.6
1971-08-01T01:00:00+01:00,6.86E+11,685.5
1971-09-01T01:00:00+01:00,6.93E+11,692.5
1971-10-01T01:00:00+01:00,6.98E+11,698.4
1971-11-01T01:00:00+01:00,7.05E+11,704.6
1971-12-01T01:00:00+01:00,7.10E+11,710.3
1972-01-01T01:00:00+01:00,7.18E+11,717.7
1972-02-01T01:00:00+01:00,7.26E+11,725.7
1972-03-01T01:00:00+01:00,7.34E+11,733.5
1972-04-01T01:00:00+01:00,7.38E+11,738.4
1972-05-01T01:00:00+01:00,7.43E+11,743.3
1972-06-01T01:00:00+01:00,7.50E+11,749.7
1972-07-01T01:00:00+01:00,7.60E+11,759.5
1972-08-01T01:00:00+01:00,7.69E+11,768.7
1972-09-01T01:00:00+01:00,7.78E+11,778.3
1972-10-01T01:00:00+01:00,7.87E+11,786.9
1972-11-01T01:00:00+01:00,7.94E+11,793.9
1972-12-01T01:00:00+01:00,8.02E+11,802.3
1973-01-01T01:00:00+01:00,8.10E+11,810.3
1973-02-01T01:00:00+01:00,8.14E+11,814.1
1973-03-01T01:00:00+01:00,8.15E+11,815.3
1973-04-01T01:00:00+01:00,8.20E+11,819.7
1973-05-01T01:00:00+01:00,8.27E+11,826.8
1973-06-01T01:00:00+01:00,8.33E+11,833.3
1973-07-01T01:00:00+01:00,8.37E+11,836.5
1973-08-01T01:00:00+01:00,8.39E+11,838.8
1973-09-01T01:00:00+01:00,8.39E+11,839.3
1973-10-01T01:00:00+01:00,8.43E+11,842.6
1973-11-01T01:00:00+01:00,8.49E+11,848.9
1973-12-01T01:00:00+01:00,8.56E+11,855.5
1974-01-01T01:00:00+01:00,8.60E+11,859.7
1974-02-01T01:00:00+01:00,8.64E+11,864.2
1974-03-01T01:00:00+01:00,8.70E+11,870.1
1974-04-01T01:00:00+01:00,8.73E+11,872.9
1974-05-01T02:00:00+02:00,8.75E+11,874.6
1974-06-01T02:00:00+02:00,8.78E+11,877.8
1974-07-01T02:00:00+02:00,8.81E+11,881.4
1974-08-01T02:00:00+02:00,8.84E+11,884.1
1974-09-01T02:00:00+02:00,8.88E+11,887.9
1974-10-01T02:00:00+02:00,8.93E+11,893.3
1974-11-01T01:00:00+01:00,8.99E+11,898.6
1974-12-01T01:00:00+01:00,9.02E+11,902.1
1975-01-01T01:00:00+01:00,9.06E+11,906.3
1975-02-01T01:00:00+01:00,9.14E+11,914.1
1975-03-01T01:00:00+01:00,9.25E+11,925
1975-04-01T01:00:00+01:00,9.35E+11,935.1
1975-05-01T02:00:00+02:00,9.48E+11,947.9
1975-06-01T02:00:00+02:00,9.63E+11,963
1975-07-01T02:00:00+02:00,9.75E+11,975.1
1975-08-01T02:00:00+02:00,9.83E+11,983.1
1975-09-01T02:00:00+02:00,9.92E+11,991.5
1975-10-01T02:00:00+02:00,9.98E+11,997.8
1975-11-01T01:00:00+01:00,1.01E+12,1006.9
1975-12-01T01:00:00+01:00,1.02E+12,1016.2
1976-01-01T01:00:00+01:00,1.03E+12,1026.6
1976-02-01T01:00:00+01:00,1.04E+12,1040.3
1976-03-01T01:00:00+01:00,1.05E+12,1050
1976-04-01T02:00:00+02:00,1.06E+12,1060.8
1976-05-01T02:00:00+02:00,1.07E+12,1072.1
1976-06-01T02:00:00+02:00,1.08E+12,1077.6
1976-07-01T02:00:00+02:00,1.09E+12,1086.3
1976-08-01T02:00:00+02:00,1.10E+12,1098.7
1976-09-01T02:00:00+02:00,1.11E+12,1110.8
1976-10-01T01:00:00+01:00,1.13E+12,1125
1976-11-01T01:00:00+01:00,1.14E+12,1138.2
1976-12-01T01:00:00+01:00,1.15E+12,1152
1977-01-01T01:00:00+01:00,1.17E+12,1165.2
1977-02-01T01:00:00+01:00,1.18E+12,1177.6
1977-03-01T01:00:00+01:00,1.19E+12,1188.5
1977-04-01T01:00:00+01:00,1.20E+12,1199.6
1977-05-01T02:00:00+02:00,1.21E+12,1209
1977-06-01T02:00:00+02:00,1.22E+12,1217.8
1977-07-01T02:00:00+02:00,1.23E+12,1226.7
1977-08-01T02:00:00+02:00,1.24E+12,1237
1977-09-01T02:00:00+02:00,1.25E+12,1246.2
1977-10-01T01:00:00+01:00,1.25E+12,1254
1977-11-01T01:00:00+01:00,1.26E+12,1262.4
1977-12-01T01:00:00+01:00,1.27E+12,1270.3
1978-01-01T01:00:00+01:00,1.28E+12,1279.7
1978-02-01T01:00:00+01:00,1.29E+12,1285.5
1978-03-01T01:00:00+01:00,1.29E+12,1292.2
1978-04-01T01:00:00+01:00,1.30E+12,1300.4
1978-05-01T02:00:00+02:00,1.31E+12,1310.5
1978-06-01T02:00:00+02:00,1.32E+12,1318.5
1978-07-01T02:00:00+02:00,1.32E+12,1324.1
1978-08-01T02:00:00+02:00,1.33E+12,1333.5
1978-09-01T02:00:00+02:00,1.35E+12,1345
1978-10-01T02:00:00+02:00,1.35E+12,1352.3
1978-11-01T01:00:00+01:00,1.36E+12,1359.1
1978-12-01T01:00:00+01:00,1.37E+12,1366
1979-01-01T01:00:00+01:00,1.37E+12,1371.6
1979-02-01T01:00:00+01:00,1.38E+12,1377.8
1979-03-01T01:00:00+01:00,1.39E+12,1387.8
1979-04-01T01:00:00+01:00,1.40E+12,1402.1
1979-05-01T02:00:00+02:00,1.41E+12,1410.2
1979-06-01T02:00:00+02:00,1.42E+12,1423
1979-07-01T02:00:00+02:00,1.43E+12,1434.8
1979-08-01T02:00:00+02:00,1.45E+12,1446.6
1979-09-01T02:00:00+02:00,1.45E+12,1454.1
1979-10-01T01:00:00+01:00,1.46E+12,1460.4
1979-11-01T01:00:00+01:00,1.47E+12,1465.9
1979-12-01T01:00:00+01:00,1.47E+12,1473.7
1980-01-01T01:00:00+01:00,1.48E+12,1482.7
1980-02-01T01:00:00+01:00,1.49E+12,1494.6
1980-03-01T01:00:00+01:00,1.50E+12,1499.8
1980-04-01T01:00:00+01:00,1.50E+12,1502.2
1980-05-01T02:00:00+02:00,1.51E+12,1512.3
1980-06-01T02:00:00+02:00,1.53E+12,1529.2
1980-07-01T02:00:00+02:00,1.55E+12,1545.5
1980-08-01T02:00:00+02:00,1.56E+12,1561.5
1980-09-01T02:00:00+02:00,1.57E+12,1574
1980-10-01T01:00:00+01:00,1.58E+12,1584.8
1980-11-01T01:00:00+01:00,1.60E+12,1595.8
1980-12-01T01:00:00+01:00,1.60E+12,1599.8
1981-01-01T01:00:00+01:00,1.61E+12,1606.9
1981-02-01T01:00:00+01:00,1.62E+12,1618.7
1981-03-01T01:00:00+01:00,1.64E+12,1636.6
1981-04-01T02:00:00+02:00,1.66E+12,1659.2
1981-05-01T02:00:00+02:00,1.66E+12,1664.2
1981-06-01T02:00:00+02:00,1.67E+12,1670.3
1981-07-01T02:00:00+02:00,1.68E+12,1681.9
1981-08-01T02:00:00+02:00,1.69E+12,1694.3
1981-09-01T02:00:00+02:00,1.71E+12,1706
1981-10-01T01:00:00+01:00,1.72E+12,1721.8
1981-11-01T01:00:00+01:00,1.74E+12,1736.1
1981-12-01T01:00:00+01:00,1.76E+12,1755.5
1982-01-01T01:00:00+01:00,1.77E+12,1770.4
1982-02-01T01:00:00+01:00,1.77E+12,1774.5
1982-03-01T01:00:00+01:00,1.79E+12,1786.5
1982-04-01T02:00:00+02:00,1.80E+12,1803.9
1982-05-01T02:00:00+02:00,1.82E+12,1815.4
1982-06-01T02:00:00+02:00,1.83E+12,1826
1982-07-01T02:00:00+02:00,1.83E+12,1831.5
1982-08-01T02:00:00+02:00,1.85E+12,1845.2
1982-09-01T02:00:00+02:00,1.86E+12,1858.4
1982-10-01T01:00:00+01:00,1.87E+12,1869.7
1982-11-01T01:00:00+01:00,1.88E+12,1883.7
1982-12-01T01:00:00+01:00,1.91E+12,1905.9
1983-01-01T01:00:00+01:00,1.96E+12,1959.4
1983-02-01T01:00:00+01:00,2.00E+12,1996.8
1983-03-01T01:00:00+01:00,2.02E+12,2015.2
1983-04-01T02:00:00+02:00,2.03E+12,2028.6
1983-05-01T02:00:00+02:00,2.04E+12,2043.1
1983-06-01T02:00:00+02:00,2.05E+12,2053.5
1983-07-01T02:00:00+02:00,2.06E+12,2064.8
1983-08-01T02:00:00+02:00,2.07E+12,2074
1983-09-01T02:00:00+02:00,2.08E+12,2083.2
1983-10-01T01:00:00+01:00,2.10E+12,2099.2
1983-11-01T01:00:00+01:00,2.11E+12,2112.3
1983-12-01T01:00:00+01:00,2.12E+12,2123.5
1984-01-01T01:00:00+01:00,2.14E+12,2138.2
1984-02-01T01:00:00+01:00,2.16E+12,2158.2
1984-03-01T01:00:00+01:00,2.18E+12,2175.2
1984-04-01T02:00:00+02:00,2.19E+12,2191.7
1984-05-01T02:00:00+02:00,2.20E+12,2204.1
1984-06-01T02:00:00+02:00,2.22E+12,2215.1
1984-07-01T02:00:00+02:00,2.22E+12,2223.5
1984-08-01T02:00:00+02:00,2.23E+12,2230.4
1984-09-01T02:00:00+02:00,2.24E+12,2244.4
1984-10-01T01:00:00+01:00,2.26E+12,2258.9
1984-11-01T01:00:00+01:00,2.28E+12,2281.4
1984-12-01T01:00:00+01:00,2.31E+12,2306.4
1985-01-01T01:00:00+01:00,2.33E+12,2332.4
1985-02-01T01:00:00+01:00,2.35E+12,2354.1
1985-03-01T01:00:00+01:00,2.37E+12,2366.2
1985-04-01T02:00:00+02:00,2.38E+12,2375.4
1985-05-01T02:00:00+02:00,2.39E+12,2389.5
1985-06-01T02:00:00+02:00,2.41E+12,2412.6
1985-07-01T02:00:00+02:00,2.43E+12,2429.5
1985-08-01T02:00:00+02:00,2.44E+12,2444
1985-09-01T02:00:00+02:00,2.46E+12,2456.4
1985-10-01T01:00:00+01:00,2.47E+12,2468
1985-11-01T01:00:00+01:00,2.48E+12,2477.8
1985-12-01T01:00:00+01:00,2.49E+12,2492.1
1986-01-01T01:00:00+01:00,2.50E+12,2502.1
1986-02-01T01:00:00+01:00,2.51E+12,2512.9
1986-03-01T01:00:00+01:00,2.53E+12,2533.1
1986-04-01T02:00:00+02:00,2.56E+12,2557.8
1986-05-01T02:00:00+02:00,2.58E+12,2584.8
1986-06-01T02:00:00+02:00,2.61E+12,2605
1986-07-01T02:00:00+02:00,2.63E+12,2626.6
1986-08-01T02:00:00+02:00,2.65E+12,2646.5
1986-09-01T02:00:00+02:00,2.67E+12,2667.8
1986-10-01T01:00:00+01:00,2.69E+12,2687.4
1986-11-01T01:00:00+01:00,2.70E+12,2701.3
1986-12-01T01:00:00+01:00,2.73E+12,2728
1987-01-01T01:00:00+01:00,2.74E+12,2743.9
1987-02-01T01:00:00+01:00,2.75E+12,2747.5
1987-03-01T01:00:00+01:00,2.75E+12,2753.7
1987-04-01T02:00:00+02:00,2.77E+12,2767.7
1987-05-01T02:00:00+02:00,2.77E+12,2772.9
1987-06-01T02:00:00+02:00,2.77E+12,2774.6
1987-07-01T02:00:00+02:00,2.78E+12,2779
1987-08-01T02:00:00+02:00,2.79E+12,2788.2
1987-09-01T02:00:00+02:00,2.80E+12,2799.5
1987-10-01T01:00:00+01:00,2.81E+12,2814.8
1987-11-01T01:00:00+01:00,2.82E+12,2818.9
1987-12-01T01:00:00+01:00,2.83E+12,2826.4
1988-01-01T01:00:00+01:00,2.85E+12,2847.4
1988-02-01T01:00:00+01:00,2.87E+12,2870.4
1988-03-01T01:00:00+01:00,2.89E+12,2890.7
1988-04-01T02:00:00+02:00,2.91E+12,2910.7
1988-05-01T02:00:00+02:00,2.93E+12,2926
1988-06-01T02:00:00+02:00,2.94E+12,2938.4
1988-07-01T02:00:00+02:00,2.95E+12,2947.2
1988-08-01T02:00:00+02:00,2.95E+12,2952
1988-09-01T02:00:00+02:00,2.96E+12,2956.9
1988-10-01T01:00:00+01:00,2.97E+12,2965.3
1988-11-01T01:00:00+01:00,2.98E+12,2980.2
1988-12-01T01:00:00+01:00,2.99E+12,2988.2
1989-01-01T01:00:00+01:00,2.99E+12,2991.7
1989-02-01T01:00:00+01:00,2.99E+12,2992.2
1989-03-01T01:00:00+01:00,3.00E+12,2999.7
1989-04-01T02:00:00+02:00,3.01E+12,3006
1989-05-01T02:00:00+02:00,3.01E+12,3011.6
1989-06-01T02:00:00+02:00,3.03E+12,3027.9
1989-07-01T02:00:00+02:00,3.05E+12,3052.4
1989-08-01T02:00:00+02:00,3.07E+12,3074.4
1989-09-01T02:00:00+02:00,3.09E+12,3092.5
1989-10-01T01:00:00+01:00,3.11E+12,3114.1
1989-11-01T01:00:00+01:00,3.13E+12,3133.3
1989-12-01T01:00:00+01:00,3.15E+12,3152.5
1990-01-01T01:00:00+01:00,3.17E+12,3166.8
1990-02-01T01:00:00+01:00,3.18E+12,3179.2
1990-03-01T01:00:00+01:00,3.19E+12,3190.1
1990-04-01T02:00:00+02:00,3.20E+12,3201.6
1990-05-01T02:00:00+02:00,3.20E+12,3200.6
1990-06-01T02:00:00+02:00,3.21E+12,3213.7
1990-07-01T02:00:00+02:00,3.22E+12,3224.5
1990-08-01T02:00:00+02:00,3.24E+12,3242
1990-09-01T02:00:00+02:00,3.25E+12,3254.6
1990-10-01T01:00:00+01:00,3.26E+12,3259.3
1990-11-01T01:00:00+01:00,3.26E+12,3262.6
1990-12-01T01:00:00+01:00,3.27E+12,3271.8
1991-01-01T01:00:00+01:00,3.29E+12,3287.7
1991-02-01T01:00:00+01:00,3.30E+12,3304.5
1991-03-01T01:00:00+01:00,3.32E+12,3321.9
1991-04-01T02:00:00+02:00,3.33E+12,3332.4
1991-05-01T02:00:00+02:00,3.34E+12,3343
1991-06-01T02:00:00+02:00,3.35E+12,3351.9
1991-07-01T02:00:00+02:00,3.36E+12,3356.1
1991-08-01T02:00:00+02:00,3.36E+12,3355
1991-09-01T02:00:00+02:00,3.35E+12,3354.9
1991-10-01T01:00:00+01:00,3.36E+12,3360.1
1991-11-01T01:00:00+01:00,3.37E+12,3365.5
1991-12-01T01:00:00+01:00,3.37E+12,3372.2
1992-01-01T01:00:00+01:00,3.38E+12,3381.2
1992-02-01T01:00:00+01:00,3.40E+12,3400
1992-03-01T01:00:00+01:00,3.40E+12,3403.9
1992-04-01T02:00:00+02:00,3.40E+12,3399.7
1992-05-01T02:00:00+02:00,3.40E+12,3398.6
1992-06-01T02:00:00+02:00,3.39E+12,3393.4
1992-07-01T02:00:00+02:00,3.39E+12,3393.9
1992-08-01T02:00:00+02:00,3.40E+12,3398.8
1992-09-01T02:00:00+02:00,3.41E+12,3410.3
1992-10-01T01:00:00+01:00,3.42E+12,3423.8
1992-11-01T01:00:00+01:00,3.43E+12,3426.5
1992-12-01T01:00:00+01:00,3.42E+12,3424.7
1993-01-01T01:00:00+01:00,3.42E+12,3419.1
1993-02-01T01:00:00+01:00,3.41E+12,3414.5
1993-03-01T01:00:00+01:00,3.41E+12,3411.7
1993-04-01T02:00:00+02:00,3.41E+12,3411.3
1993-05-01T02:00:00+02:00,3.44E+12,3436.9
1993-06-01T02:00:00+02:00,3.44E+12,3442.4
1993-07-01T02:00:00+02:00,3.44E+12,3442
1993-08-01T02:00:00+02:00,3.45E+12,3445.7
1993-09-01T02:00:00+02:00,3.45E+12,3452.2
1993-10-01T01:00:00+01:00,3.46E+12,3456.7
1993-11-01T01:00:00+01:00,3.47E+12,3470.1
1993-12-01T01:00:00+01:00,3.47E+12,3474.5
1994-01-01T01:00:00+01:00,3.47E+12,3474.9
1994-02-01T01:00:00+01:00,3.48E+12,3475.7
1994-03-01T01:00:00+01:00,3.48E+12,3480.1
1994-04-01T02:00:00+02:00,3.48E+12,3481.3
1994-05-01T02:00:00+02:00,3.49E+12,3490.8
1994-06-01T02:00:00+02:00,3.48E+12,3479.5
1994-07-01T02:00:00+02:00,3.49E+12,3488.2
1994-08-01T02:00:00+02:00,3.49E+12,3485.7
1994-09-01T02:00:00+02:00,3.49E+12,3486.1
1994-10-01T01:00:00+01:00,3.48E+12,3484.3
1994-11-01T01:00:00+01:00,3.49E+12,3487.2
1994-12-01T01:00:00+01:00,3.49E+12,3486.4
1995-01-01T01:00:00+01:00,3.49E+12,3492.4
1995-02-01T01:00:00+01:00,3.49E+12,3489.9
1995-03-01T01:00:00+01:00,3.49E+12,3491.1
1995-04-01T02:00:00+02:00,3.50E+12,3499.2
1995-05-01T02:00:00+02:00,3.52E+12,3524.2
1995-06-01T02:00:00+02:00,3.55E+12,3548.9
1995-07-01T02:00:00+02:00,3.57E+12,3567.4
1995-08-01T02:00:00+02:00,3.59E+12,3589
1995-09-01T02:00:00+02:00,3.60E+12,3602.1
1995-10-01T01:00:00+01:00,3.61E+12,3613.4
1995-11-01T01:00:00+01:00,3.62E+12,3619.9
1995-12-01T01:00:00+01:00,3.63E+12,3629.5
1996-01-01T01:00:00+01:00,3.65E+12,3647.9
1996-02-01T01:00:00+01:00,3.66E+12,3661.8
1996-03-01T01:00:00+01:00,3.69E+12,3686.9
1996-04-01T02:00:00+02:00,3.70E+12,3697.7
1996-05-01T02:00:00+02:00,3.71E+12,3709.6
1996-06-01T02:00:00+02:00,3.72E+12,3722.5
1996-07-01T02:00:00+02:00,3.74E+12,3737.1
1996-08-01T02:00:00+02:00,3.74E+12,3744
1996-09-01T02:00:00+02:00,3.75E+12,3753.4
1996-10-01T02:00:00+02:00,3.77E+12,3772.8
1996-11-01T01:00:00+01:00,3.80E+12,3795.1
1996-12-01T01:00:00+01:00,3.82E+12,3818.6
1997-01-01T01:00:00+01:00,3.83E+12,3834.6
1997-02-01T01:00:00+01:00,3.85E+12,3846.3
1997-03-01T01:00:00+01:00,3.86E+12,3861.2
1997-04-01T02:00:00+02:00,3.88E+12,3877
1997-05-01T02:00:00+02:00,3.89E+12,3889.2
1997-06-01T02:00:00+02:00,3.91E+12,3906
1997-07-01T02:00:00+02:00,3.92E+12,3923.9
1997-08-01T02:00:00+02:00,3.96E+12,3957.4
1997-09-01T02:00:00+02:00,3.97E+12,3973.1
1997-10-01T02:00:00+02:00,3.99E+12,3992.3
1997-11-01T01:00:00+01:00,4.01E+12,4014.8
1997-12-01T01:00:00+01:00,4.03E+12,4032.9
1998-01-01T01:00:00+01:00,4.06E+12,4056.2
1998-02-01T01:00:00+01:00,4.09E+12,4088.9
1998-03-01T01:00:00+01:00,4.11E+12,4114.3
1998-04-01T02:00:00+02:00,4.14E+12,4140.2
1998-05-01T02:00:00+02:00,4.16E+12,4164.4
1998-06-01T02:00:00+02:00,4.18E+12,4184.1
1998-07-01T02:00:00+02:00,4.20E+12,4203.8
1998-08-01T02:00:00+02:00,4.23E+12,4228.7
1998-09-01T02:00:00+02:00,4.27E+12,4267.6
1998-10-01T02:00:00+02:00,4.31E+12,4307.7
1998-11-01T01:00:00+01:00,4.35E+12,4346.4
1998-12-01T01:00:00+01:00,4.38E+12,4375.2
1999-01-01T01:00:00+01:00,4.40E+12,4402.6
1999-02-01T01:00:00+01:00,4.43E+12,4425.3
1999-03-01T01:00:00+01:00,4.43E+12,4432.1
1999-04-01T02:00:00+02:00,4.46E+12,4460.7
1999-05-01T02:00:00+02:00,4.49E+12,4485.3
1999-06-01T02:00:00+02:00,4.51E+12,4507.2
1999-07-01T02:00:00+02:00,4.53E+12,4534.5
1999-08-01T02:00:00+02:00,4.55E+12,4551.7
1999-09-01T02:00:00+02:00,4.57E+12,4567.7
1999-10-01T02:00:00+02:00,4.59E+12,4591.5
1999-11-01T01:00:00+01:00,4.61E+12,4610.5
1999-12-01T01:00:00+01:00,4.64E+12,4638
2000-01-01T01:00:00+01:00,4.67E+12,4666.2
2000-02-01T01:00:00+01:00,4.68E+12,4679.4
2000-03-01T01:00:00+01:00,4.71E+12,4710.2
2000-04-01T02:00:00+02:00,4.77E+12,4766.1
2000-05-01T02:00:00+02:00,4.75E+12,4753.9
2000-06-01T02:00:00+02:00,4.77E+12,4771.8
2000-07-01T02:00:00+02:00,4.79E+12,4789.4
2000-08-01T02:00:00+02:00,4.82E+12,4817.5
2000-09-01T02:00:00+02:00,4.85E+12,4853.2
2000-10-01T02:00:00+02:00,4.87E+12,4869.2
2000-11-01T01:00:00+01:00,4.88E+12,4880.3
2000-12-01T01:00:00+01:00,4.93E+12,4925
2001-01-01T01:00:00+01:00,4.98E+12,4975.7
2001-02-01T01:00:00+01:00,5.01E+12,5014.1
2001-03-01T01:00:00+01:00,5.07E+12,5072
2001-04-01T02:00:00+02:00,5.14E+12,5135.9
2001-05-01T02:00:00+02:00,5.13E+12,5133
2001-06-01T02:00:00+02:00,5.17E+12,5173.5
2001-07-01T02:00:00+02:00,5.20E+12,5203.4
2001-08-01T02:00:00+02:00,5.24E+12,5237.2
2001-09-01T02:00:00+02:00,5.35E+12,5348.4
2001-10-01T02:00:00+02:00,5.34E+12,5337.1
2001-11-01T01:00:00+01:00,5.38E+12,5380.8
2001-12-01T01:00:00+01:00,5.43E+12,5433.8
2002-01-01T01:00:00+01:00,5.45E+12,5454.1
2002-02-01T01:00:00+01:00,5.48E+12,5483.4
2002-03-01T01:00:00+01:00,5.50E+12,5495.2
2002-04-01T02:00:00+02:00,5.50E+12,5495.4
2002-05-01T02:00:00+02:00,5.52E+12,5521.5
2002-06-01T02:00:00+02:00,5.55E+12,5546.5
2002-07-01T02:00:00+02:00,5.59E+12,5589.1
2002-08-01T02:00:00+02:00,5.63E+12,5631.6
2002-09-01T02:00:00+02:00,5.66E+12,5656
2002-10-01T02:00:00+02:00,5.70E+12,5700.4
2002-11-01T01:00:00+01:00,5.75E+12,5750.6
2002-12-01T01:00:00+01:00,5.77E+12,5772
2003-01-01T01:00:00+01:00,5.80E+12,5804.6
2003-02-01T01:00:00+01:00,5.84E+12,5840.7
2003-03-01T01:00:00+01:00,5.86E+12,5861.4
2003-04-01T02:00:00+02:00,5.90E+12,5898.8
2003-05-01T02:00:00+02:00,5.96E+12,5959.3
2003-06-01T02:00:00+02:00,6.00E+12,5996
2003-07-01T02:00:00+02:00,6.04E+12,6042.7
2003-08-01T02:00:00+02:00,6.10E+12,6100.8
2003-09-01T02:00:00+02:00,6.07E+12,6072.8
2003-10-01T02:00:00+02:00,6.06E+12,6063.6
2003-11-01T01:00:00+01:00,6.07E+12,6069.1
2003-12-01T01:00:00+01:00,6.07E+12,6067.3
2004-01-01T01:00:00+01:00,6.08E+12,6075.5
2004-02-01T01:00:00+01:00,6.11E+12,6114.3
2004-03-01T01:00:00+01:00,6.15E+12,6150.1
2004-04-01T02:00:00+02:00,6.19E+12,6191.2
2004-05-01T02:00:00+02:00,6.27E+12,6268.1
2004-06-01T02:00:00+02:00,6.27E+12,6270.5
2004-07-01T02:00:00+02:00,6.28E+12,6284.3
2004-08-01T02:00:00+02:00,6.31E+12,6310.6
2004-09-01T02:00:00+02:00,6.35E+12,6345.3
2004-10-01T02:00:00+02:00,6.37E+12,6373.3
2004-11-01T01:00:00+01:00,6.40E+12,6399.8
2004-12-01T01:00:00+01:00,6.42E+12,6418.3
2005-01-01T01:00:00+01:00,6.42E+12,6424.5
2005-02-01T01:00:00+01:00,6.43E+12,6432.8
2005-03-01T01:00:00+01:00,6.44E+12,6441.9
2005-04-01T02:00:00+02:00,6.46E+12,6455.9
2005-05-01T02:00:00+02:00,6.47E+12,6473.3
2005-06-01T02:00:00+02:00,6.51E+12,6505.8
2005-07-01T02:00:00+02:00,6.54E+12,6537.4
2005-08-01T02:00:00+02:00,6.57E+12,6570.2
2005-09-01T02:00:00+02:00,6.60E+12,6604.3
2005-10-01T02:00:00+02:00,6.64E+12,6638.6
2005-11-01T01:00:00+01:00,6.66E+12,6655
2005-12-01T01:00:00+01:00,6.68E+12,6681.9
2006-01-01T01:00:00+01:00,6.72E+12,6724.3
2006-02-01T01:00:00+01:00,6.75E+12,6748.6
2006-03-01T01:00:00+01:00,6.76E+12,6762.9
2006-04-01T02:00:00+02:00,6.80E+12,6800.1
2006-05-01T02:00:00+02:00,6.81E+12,6806.9
2006-06-01T02:00:00+02:00,6.84E+12,6844.9
2006-07-01T02:00:00+02:00,6.89E+12,6886.3
2006-08-01T02:00:00+02:00,6.92E+12,6917.1
2006-09-01T02:00:00+02:00,6.94E+12,6944.2
2006-10-01T02:00:00+02:00,6.99E+12,6993.3
2006-11-01T01:00:00+01:00,7.03E+12,7028.4
2006-12-01T01:00:00+01:00,7.07E+12,7071.6
2007-01-01T01:00:00+01:00,7.11E+12,7109.6
2007-02-01T01:00:00+01:00,7.13E+12,7125.3
2007-03-01T01:00:00+01:00,7.16E+12,7159.1
2007-04-01T02:00:00+02:00,7.23E+12,7231.3
2007-05-01T02:00:00+02:00,7.25E+12,7245.4
2007-06-01T02:00:00+02:00,7.28E+12,7278.6
2007-07-01T02:00:00+02:00,7.31E+12,7309
2007-08-01T02:00:00+02:00,7.39E+12,7385.1
2007-09-01T02:00:00+02:00,7.40E+12,7403.2
2007-10-01T02:00:00+02:00,7.42E+12,7417.2
2007-11-01T01:00:00+01:00,7.44E+12,7441.8
2007-12-01T01:00:00+01:00,7.47E+12,7471.6
2008-01-01T01:00:00+01:00,7.51E+12,7505.5
2008-02-01T01:00:00+01:00,7.59E+12,7590.6
2008-03-01T01:00:00+01:00,7.66E+12,7656.2
2008-04-01T02:00:00+02:00,7.70E+12,7699.2
2008-05-01T02:00:00+02:00,7.71E+12,7711.2
2008-06-01T02:00:00+02:00,7.73E+12,7728.9
2008-07-01T02:00:00+02:00,7.78E+12,7775.4
2008-08-01T02:00:00+02:00,7.79E+12,7790.2
2008-09-01T02:00:00+02:00,7.86E+12,7859.5
2008-10-01T02:00:00+02:00,7.97E+12,7965.3
2008-11-01T01:00:00+01:00,8.02E+12,8015.8
2008-12-01T01:00:00+01:00,8.19E+12,8192.1
2009-01-01T01:00:00+01:00,8.27E+12,8273.7
2009-02-01T01:00:00+01:00,8.30E+12,8303.1
2009-03-01T01:00:00+01:00,8.37E+12,8369.3
2009-04-01T02:00:00+02:00,8.37E+12,8372.9
2009-05-01T02:00:00+02:00,8.43E+12,8430.7
2009-06-01T02:00:00+02:00,8.44E+12,8440.5
2009-07-01T02:00:00+02:00,8.45E+12,8445.1
2009-08-01T02:00:00+02:00,8.45E+12,8445
2009-09-01T02:00:00+02:00,8.44E+12,8444.2
2009-10-01T02:00:00+02:00,8.47E+12,8471.1
2009-11-01T01:00:00+01:00,8.50E+12,8500.8
2009-12-01T01:00:00+01:00,8.50E+12,8496
2010-01-01T01:00:00+01:00,8.46E+12,8458.1
2010-02-01T01:00:00+01:00,8.51E+12,8507.4
2010-03-01T01:00:00+01:00,8.50E+12,8504.5
2010-04-01T02:00:00+02:00,8.54E+12,8535.2
2010-05-01T02:00:00+02:00,8.59E+12,8589.9
2010-06-01T02:00:00+02:00,8.61E+12,8609
2010-07-01T02:00:00+02:00,8.62E+12,8618.8
2010-08-01T02:00:00+02:00,8.67E+12,8669.1
2010-09-01T02:00:00+02:00,8.70E+12,8700.1
2010-10-01T02:00:00+02:00,8.75E+12,8749.4
2010-11-01T01:00:00+01:00,8.77E+12,8770
2010-12-01T01:00:00+01:00,8.80E+12,8801.8
2011-01-01T01:00:00+01:00,8.82E+12,8823.1
2011-02-01T01:00:00+01:00,8.89E+12,8886.9
2011-03-01T01:00:00+01:00,8.94E+12,8943.5
2011-04-01T02:00:00+02:00,9.00E+12,9004.9
2011-05-01T02:00:00+02:00,9.08E+12,9075.5
2011-06-01T02:00:00+02:00,9.15E+12,9151
2011-07-01T02:00:00+02:00,9.32E+12,9316.6
2011-08-01T02:00:00+02:00,9.51E+12,9507.6
2011-09-01T02:00:00+02:00,9.53E+12,9528.3
2011-10-01T02:00:00+02:00,9.56E+12,9562.1
2011-11-01T01:00:00+01:00,9.61E+12,9612.6
2011-12-01T01:00:00+01:00,9.66E+12,9660.1
2012-01-01T01:00:00+01:00,9.73E+12,9733.3
2012-02-01T01:00:00+01:00,9.79E+12,9785.7
2012-03-01T01:00:00+01:00,9.83E+12,9830.6
2012-04-01T02:00:00+02:00,9.88E+12,9884.6
2012-05-01T02:00:00+02:00,9.93E+12,9928.4
2012-06-01T02:00:00+02:00,1.00E+13,9999.3
2012-07-01T02:00:00+02:00,1.01E+13,10051.8
2012-08-01T02:00:00+02:00,1.01E+13,10121.3
2012-09-01T02:00:00+02:00,1.02E+13,10200.8
2012-10-01T02:00:00+02:00,1.03E+13,10267.3
2012-11-01T01:00:00+01:00,1.03E+13,10337.6
2012-12-01T01:00:00+01:00,1.05E+13,10459.7
2013-01-01T01:00:00+01:00,1.05E+13,10479.5
2013-02-01T01:00:00+01:00,1.05E+13,10482
2013-03-01T01:00:00+01:00,1.06E+13,10550
2013-04-01T02:00:00+02:00,1.06E+13,10585.9
2013-05-01T02:00:00+02:00,1.06E+13,10628.2
2013-06-01T02:00:00+02:00,1.07E+13,10684.9
2013-07-01T02:00:00+02:00,1.07E+13,10730.8
2013-08-01T02:00:00+02:00,1.08E+13,10790.2
2013-09-01T02:00:00+02:00,1.08E+13,10841.3
2013-10-01T02:00:00+02:00,1.10E+13,10956.7
2013-11-01T01:00:00+01:00,1.10E+13,10969
2013-12-01T01:00:00+01:00,1.10E+13,11028.8
2014-01-01T01:00:00+01:00,1.11E+13,11078.9
2014-02-01T01:00:00+01:00,1.12E+13,11161
2014-03-01T01:00:00+01:00,1.12E+13,11200.2
2014-04-01T02:00:00+02:00,1.13E+13,11256.9
2014-05-01T02:00:00+02:00,1.13E+13,11326.3
2014-06-01T02:00:00+02:00,1.14E+13,11380.7
2014-07-01T02:00:00+02:00,1.14E+13,11439.9
2014-08-01T02:00:00+02:00,1.15E+13,11469.4
2014-09-01T02:00:00+02:00,1.15E+13,11502.8
2014-10-01T02:00:00+02:00,1.16E+13,11563.4
2014-11-01T01:00:00+01:00,1.16E+13,11604.7
2014-12-01T01:00:00+01:00,1.17E+13,11681.5
2015-01-01T01:00:00+01:00,1.17E+13,11745.2
2015-02-01T01:00:00+01:00,1.19E+13,11863.9
2015-03-01T01:00:00+01:00,1.19E+13,11879.6
2015-04-01T02:00:00+02:00,1.19E+13,11927.4
2015-05-01T02:00:00+02:00,1.20E+13,11960.3
2015-06-01T02:00:00+02:00,1.20E+13,12005.8
2015-07-01T02:00:00+02:00,1.21E+13,12058.4
2015-08-01T02:00:00+02:00,1.21E+13,12109.5
2015-09-01T02:00:00+02:00,1.22E+13,12164.5
2015-10-01T02:00:00+02:00,1.22E+13,12196.8
2015-11-01T01:00:00+01:00,1.23E+13,12286
2015-12-01T01:00:00+01:00,1.23E+13,12344
2016-01-01T01:00:00+01:00,1.25E+13,12470
2016-02-01T01:00:00+01:00,1.25E+13,12545.6
2016-03-01T01:00:00+01:00,1.26E+13,12609.7
2016-04-01T02:00:00+02:00,1.27E+13,12698.4
2016-05-01T02:00:00+02:00,1.28E+13,12765.6
2016-06-01T02:00:00+02:00,1.28E+13,12831.9
2016-07-01T02:00:00+02:00,1.29E+13,12892
2016-08-01T02:00:00+02:00,1.30E+13,12978.2
2016-09-01T02:00:00+02:00,1.30E+13,13037.9
2016-10-01T02:00:00+02:00,1.31E+13,13105.4
2016-11-01T01:00:00+01:00,1.32E+13,13176.5
2016-12-01T01:00:00+01:00,1.32E+13,13209.6
2017-01-01T01:00:00+01:00,1.33E+13,13282.7
2017-02-01T01:00:00+01:00,1.34E+13,13351.4
2017-03-01T01:00:00+01:00,1.34E+13,13420.6
2017-04-01T02:00:00+02:00,1.35E+13,13482.9
2017-05-01T02:00:00+02:00,1.35E+13,13534.8
2017-06-01T02:00:00+02:00,1.36E+13,13558.9
2017-07-01T02:00:00+02:00,1.36E+13,13621
2017-08-01T02:00:00+02:00,1.37E+13,13679.6
2017-09-01T02:00:00+02:00,1.37E+13,13722.1
2017-10-01T02:00:00+02:00,1.38E+13,13777.4
2017-11-01T01:00:00+01:00,1.38E+13,13804.1
2017-12-01T01:00:00+01:00,1.39E+13,13852.3
2018-01-01T01:00:00+01:00,1.39E+13,13868.2
2018-02-01T01:00:00+01:00,1.39E+13,13910.2
2018-03-01T01:00:00+01:00,1.40E+13,13965.5
2018-04-01T02:00:00+02:00,1.40E+13,13987.7
2018-05-01T02:00:00+02:00,1.40E+13,14041.2
2018-06-01T02:00:00+02:00,1.41E+13,14102.6
2018-07-01T02:00:00+02:00,1.41E+13,14137
2018-08-01T02:00:00+02:00,1.42E+13,14187.4
2018-09-01T02:00:00+02:00,1.42E+13,14214.6
2018-10-01T02:00:00+02:00,1.42E+13,14228.5
2018-11-01T01:00:00+01:00,1.42E+13,14241.6
2018-12-01T01:00:00+01:00,1.44E+13,14358.8
2019-01-01T01:00:00+01:00,1.44E+13,14430.8
2019-02-01T01:00:00+01:00,1.45E+13,14472.3
2019-03-01T01:00:00+01:00,1.45E+13,14510.7
2019-04-01T02:00:00+02:00,1.45E+13,14541
2019-05-01T02:00:00+02:00,1.46E+13,14632.5
2019-06-01T02:00:00+02:00,1.48E+13,14754.8
2019-07-01T02:00:00+02:00,1.48E+13,14833.8
2019-08-01T02:00:00+02:00,1.49E+13,14919.8
2019-09-01T02:00:00+02:00,1.50E+13,15004.8
2019-10-01T02:00:00+02:00,1.51E+13,15144.2
2019-11-01T01:00:00+01:00,1.52E+13,15249.9
2019-12-01T01:00:00+01:00,1.53E+13,15319.1
2020-01-01T01:00:00+01:00,1.54E+13,15401.8
2020-02-01T01:00:00+01:00,1.55E+13,15458.7
2020-03-01T01:00:00+01:00,1.60E+13,15988.6
2020-04-01T02:00:00+02:00,1.70E+13,17002.5
2020-05-01T02:00:00+02:00,1.78E+13,17835.2
2020-06-01T02:00:00+02:00,1.81E+13,18129.3
2020-07-01T02:00:00+02:00,1.83E+13,18277.8
2020-08-01T02:00:00+02:00,1.84E+13,18357.4
2020-09-01T02:00:00+02:00,1.86E+13,18575.2
2020-10-01T02:00:00+02:00,1.87E+13,18735.7
2020-11-01T01:00:00+01:00,1.90E+13,18969.8
2020-12-01T01:00:00+01:00,1.91E+13,19124.7
2021-01-01T01:00:00+01:00,1.94E+13,19372.3
2021-02-01T01:00:00+01:00,1.96E+13,19614.9
2021-03-01T01:00:00+01:00,1.99E+13,19853.7
2021-04-01T02:00:00+02:00,2.01E+13,20110.6
2021-05-01T02:00:00+02:00,2.04E+13,20418.7
2021-06-01T02:00:00+02:00,2.05E+13,20460.1
2021-07-01T02:00:00+02:00,2.06E+13,20615.3
2021-08-01T02:00:00+02:00,2.08E+13,20835.5
2021-09-01T02:00:00+02:00,2.10E+13,20965.9
2021-10-01T02:00:00+02:00,2.11E+13,21144
2021-11-01T01:00:00+01:00,2.13E+13,21349.4
2021-12-01T01:00:00+01:00,2.15E+13,21490
2022-01-01T01:00:00+01:00,2.16E+13,21649.7
2022-02-01T01:00:00+01:00,2.17E+13,21708.6
2022-03-01T01:00:00+01:00,2.17E+13,21739.7
2022-04-01T02:00:00+02:00,2.16E+13,21644.2
2022-05-01T02:00:00+02:00,2.16E+13,21649.2
2022-06-01T02:00:00+02:00,2.16E+13,21607.7
2022-07-01T02:00:00+02:00,2.16E+13,21636.2
2022-08-01T02:00:00+02:00,2.16E+13,21632.4
2022-09-01T02:00:00+02:00,2.15E+13,21503.4
